[{
	"model": "sea_core.organization",
	"pk": 1,
	"fields": {
		"name": "Competa IT",
		"description": "description...",
		"image": "organization/default.png"
	}
}, {
	"model": "sea_core.organization",
	"pk": 2,
	"fields": {
		"name": "FTSF",
		"description": "ftsf",
		"image": "organization/default.png"
	}
}, {
	"model": "sea_core.indirectindicator",
	"pk": 1,
	"fields": {
		"name": "total_staff",
		"formula": "[women_staff] + [men_staff]",
		"description": "Total staff",
		"topic": 14
	}
}, {
	"model": "sea_core.indirectindicator",
	"pk": 2,
	"fields": {
		"name": "gender_pay_gap",
		"formula": "[average_salary_women] / [average_salary_men]",
		"description": "Gender pay gap",
		"topic": 15
	}
}, {
	"model": "sea_core.indirectindicator",
	"pk": 4,
	"fields": {
		"name": "decision_making_ratio",
		"formula": "[women_staff_deciding] + [men_staff_deciding] / [employee_opinion_on_inclusiveness]",
		"description": "Decision making ratio",
		"topic": 17
	}
}, {
	"model": "sea_core.questionoption",
	"pk": 8,
	"fields": {
		"text": "option 1",
		"value": 5,
		"question": 35
	}
}, {
	"model": "sea_core.questionoption",
	"pk": 9,
	"fields": {
		"text": "option 2",
		"value": 4,
		"question": 35
	}
}, {
	"model": "sea_core.questionoption",
	"pk": 10,
	"fields": {
		"text": "option 1",
		"value": 6,
		"question": 35
	}
}, {
	"model": "sea_core.questionoption",
	"pk": 31,
	"fields": {
		"text": "workers cooperative",
		"value": 1,
		"question": 38
	}
}, {
	"model": "sea_core.questionoption",
	"pk": 32,
	"fields": {
		"text": "limited company",
		"value": 1,
		"question": 38
	}
}, {
	"model": "sea_core.questionoption",
	"pk": 33,
	"fields": {
		"text": "private company",
		"value": 1,
		"question": 38
	}
}, {
	"model": "sea_core.questionoption",
	"pk": 82,
	"fields": {
		"text": "option 1",
		"value": 1,
		"question": 61
	}
}, {
	"model": "sea_core.questionoption",
	"pk": 83,
	"fields": {
		"text": "option 2",
		"value": 1,
		"question": 61
	}
}, {
	"model": "sea_core.method",
	"pk": 1,
	"fields": {
		"name": "FTSF",
		"description": "...",
		"is_public": true,
		"organization": 1
	}
}, {
	"model": "sea_core.method",
	"pk": 2,
	"fields": {
		"name": "example method",
		"description": "...",
		"is_public": false,
		"organization": 2
	}
}, {
	"model": "sea_core.topic",
	"pk": 1,
	"fields": {
		"name": "Employment creation",
		"description": "",
		"parent_topic": null,
		"method": 1
	}
}, {
	"model": "sea_core.topic",
	"pk": 2,
	"fields": {
		"name": "Respect for the environment",
		"description": "",
		"parent_topic": null,
		"method": 1
	}
}, {
	"model": "sea_core.topic",
	"pk": 8,
	"fields": {
		"name": "Giving back",
		"description": "",
		"parent_topic": null,
		"method": 1
	}
}, {
	"model": "sea_core.topic",
	"pk": 13,
	"fields": {
		"name": "test",
		"description": "",
		"parent_topic": 1,
		"method": 1
	}
}, {
	"model": "sea_core.topic",
	"pk": 14,
	"fields": {
		"name": "Organization data",
		"description": "",
		"parent_topic": null,
		"method": 2
	}
}, {
	"model": "sea_core.topic",
	"pk": 15,
	"fields": {
		"name": "Gender equity",
		"description": "",
		"parent_topic": null,
		"method": 2
	}
}, {
	"model": "sea_core.topic",
	"pk": 16,
	"fields": {
		"name": "Environmental impact",
		"description": "",
		"parent_topic": null,
		"method": 2
	}
}, {
	"model": "sea_core.topic",
	"pk": 17,
	"fields": {
		"name": "Workplace quality",
		"description": "",
		"parent_topic": null,
		"method": 2
	}
}, {
	"model": "sea_core.stakeholdergroup",
	"pk": 1,
	"fields": {
		"name": "members",
		"method": 1
	}
}, {
	"model": "sea_core.stakeholdergroup",
	"pk": 2,
	"fields": {
		"name": "members",
		"method": 2
	}
}, {
	"model": "sea_core.survey",
	"pk": 1,
	"fields": {
		"name": "Full survey",
		"description": "test",
		"rate": 0,
		"anonymous": false,
		"method": 1,
		"stakeholder_group": 1,
		"questions": [16, 18, 19, 20, 21, 22, 23, 24, 25, 26, 27, 28, 29]
	}
}, {
	"model": "sea_core.survey",
	"pk": 2,
	"fields": {
		"name": "Partial survey",
		"description": "",
		"rate": 0,
		"anonymous": false,
		"method": 1,
		"stakeholder_group": 1,
		"questions": [18, 19, 20, 21, 25, 26]
	}
}, {
	"model": "sea_core.survey",
	"pk": 8,
	"fields": {
		"name": "Full survey",
		"description": "test",
		"rate": 0,
		"anonymous": false,
		"method": 2,
		"stakeholder_group": 2,
		"questions": [30, 31, 32, 34, 35, 36, 37, 38, 45, 48, 49, 54, 55, 56, 57]
	}
}, {
	"model": "sea_core.question",
	"pk": 1,
	"fields": {
		"name": "name",
		"description": "description",
		"prefix": "options",
		"suffix": "topic",
		"default": "",
		"type": "type"
	}
}, {
	"model": "sea_core.question",
	"pk": 21,
	"fields": {
		"name": "Community benefits",
		"description": "Whether your organisation uses its increased income and skills to benefit the wider community in its area using IT.",
		"prefix": "",
		"suffix": "",
		"default": "",
		"type": "TEXT"
	}
}, {
	"model": "sea_core.question",
	"pk": 22,
	"fields": {
		"name": "Employee count (current year)",
		"description": "",
		"prefix": "",
		"suffix": "",
		"default": "",
		"type": "NUMBER"
	}
}, {
	"model": "sea_core.question",
	"pk": 23,
	"fields": {
		"name": "tttttest",
		"description": "",
		"prefix": "",
		"suffix": "",
		"default": "",
		"type": "NUMBER"
	}
}, {
	"model": "sea_core.question",
	"pk": 24,
	"fields": {
		"name": "Employee count (female)",
		"description": "",
		"prefix": "",
		"suffix": "",
		"default": "",
		"type": "NUMBER"
	}
}, {
	"model": "sea_core.question",
	"pk": 25,
	"fields": {
		"name": "Community benefits",
		"description": "Whether your organisation uses its increased income and skills to benefit the wider community in its area using IT.",
		"prefix": "",
		"suffix": "",
		"default": "",
		"type": "NUMBER"
	}
}, {
	"model": "sea_core.question",
	"pk": 26,
	"fields": {
		"name": "Employees lost",
		"description": "Amount of employees that have left your organisation over past year.",
		"prefix": "",
		"suffix": "",
		"default": "",
		"type": "NUMBER"
	}
}, {
	"model": "sea_core.question",
	"pk": 27,
	"fields": {
		"name": "Employee count (last year)",
		"description": "",
		"prefix": "",
		"suffix": "",
		"default": "",
		"type": "NUMBER"
	}
}, {
	"model": "sea_core.question",
	"pk": 28,
	"fields": {
		"name": "Employee count (forced)",
		"description": "Amount of employees which are either forced or under the age of 15 without internship.",
		"prefix": "",
		"suffix": "",
		"default": "",
		"type": "NUMBER"
	}
}, {
	"model": "sea_core.question",
	"pk": 29,
	"fields": {
		"name": "Employee count (local)",
		"description": "Amount of local talent hired in offices in developing countries.",
		"prefix": "",
		"suffix": "",
		"default": "",
		"type": "NUMBER"
	}
}, {
	"model": "sea_core.question",
	"pk": 30,
	"fields": {
		"name": "Amount of renewable energy consumed (kWh)",
		"description": "",
		"prefix": "",
		"suffix": "",
		"default": "",
		"type": "NUMBER"
	}
}, {
	"model": "sea_core.question",
	"pk": 31,
	"fields": {
		"name": "Total energy consumed (kWh)",
		"description": "",
		"prefix": "",
		"suffix": "",
		"default": "",
		"type": "NUMBER"
	}
}, {
	"model": "sea_core.question",
	"pk": 32,
	"fields": {
		"name": "Unit mass (kilograms)",
		"description": "Average mass in kilograms of electronic items your organisation has in service.",
		"prefix": "",
		"suffix": "",
		"default": "",
		"type": "NUMBER"
	}
}, {
	"model": "sea_core.question",
	"pk": 33,
	"fields": {
		"name": "Unit count",
		"description": "Amount of electronic items your organisation has in service.",
		"prefix": "",
		"suffix": "",
		"default": "",
		"type": "NUMBER"
	}
}, {
	"model": "sea_core.question",
	"pk": 34,
	"fields": {
		"name": "Unit lifespan (years)",
		"description": "Average lifespan of electronic items in years.",
		"prefix": "",
		"suffix": "",
		"default": "",
		"type": "NUMBER"
	}
}, {
	"model": "sea_core.question",
	"pk": 35,
	"fields": {
		"name": "test",
		"description": "test",
		"prefix": "",
		"suffix": "",
		"default": "",
		"type": "CHECKBOX"
	}
}, {
	"model": "sea_core.question",
	"pk": 36,
	"fields": {
		"name": "Women staff members",
		"description": "",
		"prefix": "",
		"suffix": "persons",
		"default": "",
		"type": "NUMBER"
	}
}, {
	"model": "sea_core.question",
	"pk": 37,
	"fields": {
		"name": "Men staff members",
		"description": "",
		"prefix": "",
		"suffix": "persons",
		"default": "",
		"type": "NUMBER"
	}
}, {
	"model": "sea_core.question",
	"pk": 38,
	"fields": {
		"name": "Type of company",
		"description": "",
		"prefix": "",
		"suffix": "",
		"default": "",
		"type": "SELECT"
	}
}, {
	"model": "sea_core.question",
	"pk": 39,
	"fields": {
		"name": "Average salary women",
		"description": "",
		"prefix": "\u20ac",
		"suffix": "",
		"default": "",
		"type": "NUMBER"
	}
}, {
	"model": "sea_core.question",
	"pk": 40,
	"fields": {
		"name": "Average salary men",
		"description": "",
		"prefix": "\u20ac",
		"suffix": "",
		"default": "",
		"type": "NUMBER"
	}
}, {
	"model": "sea_core.question",
	"pk": 41,
	"fields": {
		"name": "Recycled waste",
		"description": "",
		"prefix": "",
		"suffix": "kg",
		"default": "",
		"type": "NUMBER"
	}
}, {
	"model": "sea_core.question",
	"pk": 42,
	"fields": {
		"name": "Total waste",
		"description": "",
		"prefix": "",
		"suffix": "kg",
		"default": "",
		"type": "NUMBER"
	}
}, {
	"model": "sea_core.question",
	"pk": 43,
	"fields": {
		"name": "Renewable energy",
		"description": "",
		"prefix": "",
		"suffix": "",
		"default": "",
		"type": "NUMBER"
	}
}, {
	"model": "sea_core.question",
	"pk": 44,
	"fields": {
		"name": "question -Infinity",
		"description": "",
		"prefix": "",
		"suffix": "",
		"default": "",
		"type": "NUMBER"
	}
}, {
	"model": "sea_core.question",
	"pk": 45,
	"fields": {
		"name": "Total energy",
		"description": "",
		"prefix": "",
		"suffix": "",
		"default": "",
		"type": "NUMBER"
	}
}, {
	"model": "sea_core.question",
	"pk": 46,
	"fields": {
		"name": "question 2",
		"description": "",
		"prefix": "",
		"suffix": "",
		"default": "",
		"type": "NUMBER"
	}
}, {
	"model": "sea_core.question",
	"pk": 47,
	"fields": {
		"name": "Number of men involved in decision making",
		"description": "",
		"prefix": "",
		"suffix": "",
		"default": "",
		"type": "NUMBER"
	}
}, {
	"model": "sea_core.question",
	"pk": 48,
	"fields": {
		"name": "Employee satisfaction",
		"description": "",
		"prefix": "",
		"suffix": "",
		"default": "",
		"type": "NUMBER"
	}
}, {
	"model": "sea_core.question",
	"pk": 49,
	"fields": {
		"name": "Environmental impact score",
		"description": "",
		"prefix": "",
		"suffix": "",
		"default": "",
		"type": "NUMBER"
	}
}, {
	"model": "sea_core.question",
	"pk": 50,
	"fields": {
		"name": "Salaries publicly available",
		"description": "",
		"prefix": "",
		"suffix": "",
		"default": "",
		"type": "NUMBER"
	}
}, {
	"model": "sea_core.question",
	"pk": 51,
	"fields": {
		"name": "question 1",
		"description": "",
		"prefix": "",
		"suffix": "",
		"default": "",
		"type": "NUMBER"
	}
}, {
	"model": "sea_core.question",
	"pk": 52,
	"fields": {
		"name": "question 1",
		"description": "",
		"prefix": "",
		"suffix": "",
		"default": "",
		"type": "NUMBER"
	}
}, {
	"model": "sea_core.question",
	"pk": 53,
	"fields": {
		"name": "Number of women involved in decision making",
		"description": "",
		"prefix": "",
		"suffix": "",
		"default": "",
		"type": "NUMBER"
	}
}, {
	"model": "sea_core.question",
	"pk": 54,
	"fields": {
		"name": "Number of men involved in decision making",
		"description": "",
		"prefix": "",
		"suffix": "",
		"default": "",
		"type": "NUMBER"
	}
}, {
	"model": "sea_core.question",
	"pk": 55,
	"fields": {
		"name": "Employee satisfaction",
		"description": "",
		"prefix": "",
		"suffix": "",
		"default": "",
		"type": "NUMBER"
	}
}, {
	"model": "sea_core.question",
	"pk": 56,
	"fields": {
		"name": "Inclusivess of the company",
		"description": "",
		"prefix": "",
		"suffix": "",
		"default": "",
		"type": "NUMBER"
	}
}, {
	"model": "sea_core.question",
	"pk": 57,
	"fields": {
		"name": "Question 1 aaaaaa",
		"description": "",
		"prefix": "",
		"suffix": "",
		"default": "",
		"type": "NUMBER"
	}
}, {
	"model": "sea_core.question",
	"pk": 58,
	"fields": {
		"name": "Question 2",
		"description": "",
		"prefix": "",
		"suffix": "",
		"default": "",
		"type": "NUMBER"
	}
}, {
	"model": "sea_core.question",
	"pk": 59,
	"fields": {
		"name": "Question 3",
		"description": "",
		"prefix": "",
		"suffix": "",
		"default": "",
		"type": "NUMBER"
	}
}, {
	"model": "sea_core.question",
	"pk": 60,
	"fields": {
		"name": "Question 4",
		"description": "",
		"prefix": "",
		"suffix": "",
		"default": "",
		"type": "NUMBER"
	}
}, {
	"model": "sea_core.question",
	"pk": 61,
	"fields": {
		"name": "Question 1",
		"description": "",
		"prefix": "",
		"suffix": "",
		"default": "",
		"type": "CHECKBOX"
	}
}, {
	"model": "sea_core.directindicator",
	"pk": 16,
	"fields": {
		"key": "empl_cur_year",
		"max_number": null,
		"min_number": null,
		"question": 22,
		"topic": 1
	}
}, {
	"model": "sea_core.directindicator",
	"pk": 18,
	"fields": {
		"key": "empl_female",
		"max_number": null,
		"min_number": null,
		"question": 24,
		"topic": 1
	}
}, {
	"model": "sea_core.directindicator",
	"pk": 19,
	"fields": {
		"key": "com_benefits",
		"max_number": null,
		"min_number": null,
		"question": 25,
		"topic": 8
	}
}, {
	"model": "sea_core.directindicator",
	"pk": 20,
	"fields": {
		"key": "empl_lost",
		"max_number": null,
		"min_number": null,
		"question": 26,
		"topic": 1
	}
}, {
	"model": "sea_core.directindicator",
	"pk": 21,
	"fields": {
		"key": "empl_last_year",
		"max_number": null,
		"min_number": null,
		"question": 27,
		"topic": 1
	}
}, {
	"model": "sea_core.directindicator",
	"pk": 22,
	"fields": {
		"key": "empl_forced",
		"max_number": null,
		"min_number": null,
		"question": 28,
		"topic": 1
	}
}, {
	"model": "sea_core.directindicator",
	"pk": 23,
	"fields": {
		"key": "empl_local",
		"max_number": null,
		"min_number": null,
		"question": 29,
		"topic": 1
	}
}, {
	"model": "sea_core.directindicator",
	"pk": 24,
	"fields": {
		"key": "energy_renewable",
		"max_number": null,
		"min_number": null,
		"question": 30,
		"topic": 2
	}
}, {
	"model": "sea_core.directindicator",
	"pk": 25,
	"fields": {
		"key": "energy_total",
		"max_number": null,
		"min_number": null,
		"question": 31,
		"topic": 2
	}
}, {
	"model": "sea_core.directindicator",
	"pk": 26,
	"fields": {
		"key": "unit_mass",
		"max_number": null,
		"min_number": null,
		"question": 32,
		"topic": 2
	}
}, {
	"model": "sea_core.directindicator",
	"pk": 27,
	"fields": {
		"key": "unit_count",
		"max_number": null,
		"min_number": null,
		"question": 33,
		"topic": 2
	}
}, {
	"model": "sea_core.directindicator",
	"pk": 28,
	"fields": {
		"key": "unit_lifespan",
		"max_number": null,
		"min_number": null,
		"question": 34,
		"topic": 2
	}
}, {
	"model": "sea_core.directindicator",
	"pk": 29,
	"fields": {
		"key": "test",
		"max_number": null,
		"min_number": null,
		"question": 35,
		"topic": 13
	}
}, {
	"model": "sea_core.directindicator",
	"pk": 30,
	"fields": {
		"key": "women_staff",
		"max_number": null,
		"min_number": null,
		"question": 36,
		"topic": 14
	}
}, {
	"model": "sea_core.directindicator",
	"pk": 31,
	"fields": {
		"key": "men_staff",
		"max_number": null,
		"min_number": null,
		"question": 37,
		"topic": 14
	}
}, {
	"model": "sea_core.directindicator",
	"pk": 32,
	"fields": {
		"key": "company_type",
		"max_number": null,
		"min_number": null,
		"question": 38,
		"topic": 14
	}
}, {
	"model": "sea_core.directindicator",
	"pk": 34,
	"fields": {
		"key": "average_salary_women",
		"max_number": null,
		"min_number": null,
		"question": 39,
		"topic": 15
	}
}, {
	"model": "sea_core.directindicator",
	"pk": 35,
	"fields": {
		"key": "average_salary_men",
		"max_number": null,
		"min_number": null,
		"question": 40,
		"topic": 15
	}
}, {
	"model": "sea_core.directindicator",
	"pk": 36,
	"fields": {
		"key": "recycled_waste_kg",
		"max_number": null,
		"min_number": null,
		"question": 41,
		"topic": 16
	}
}, {
	"model": "sea_core.directindicator",
	"pk": 37,
	"fields": {
		"key": "total_waste_kg",
		"max_number": null,
		"min_number": null,
		"question": 42,
		"topic": 16
	}
}, {
	"model": "sea_core.directindicator",
	"pk": 38,
	"fields": {
		"key": "renewable_energy_consumption",
		"max_number": null,
		"min_number": null,
		"question": 43,
		"topic": 16
	}
}, {
	"model": "sea_core.directindicator",
	"pk": 45,
	"fields": {
		"key": "total_energy_consumption",
		"max_number": null,
		"min_number": null,
		"question": 45,
		"topic": 16
	}
}, {
	"model": "sea_core.directindicator",
	"pk": 48,
	"fields": {
		"key": "Employee_satisfaction",
		"max_number": null,
		"min_number": null,
		"question": 49,
		"topic": 17
	}
}, {
	"model": "sea_core.directindicator",
	"pk": 49,
	"fields": {
		"key": "public_salaries",
		"max_number": null,
		"min_number": null,
		"question": 50,
		"topic": 17
	}
}, {
	"model": "sea_core.directindicator",
	"pk": 54,
	"fields": {
		"key": "women_staff_deciding",
		"max_number": null,
		"min_number": null,
		"question": 53,
		"topic": 17
	}
}, {
	"model": "sea_core.directindicator",
	"pk": 55,
	"fields": {
		"key": "men_staff_deciding",
		"max_number": null,
		"min_number": null,
		"question": 54,
		"topic": 17
	}
}, {
	"model": "sea_core.directindicator",
	"pk": 56,
	"fields": {
		"key": "employee_satisfaction",
		"max_number": null,
		"min_number": null,
		"question": 55,
		"topic": 17
	}
}, {
	"model": "sea_core.directindicator",
	"pk": 57,
	"fields": {
		"key": "employee_opinion_on_inclusiveness",
		"max_number": null,
		"min_number": null,
		"question": 56,
		"topic": 17
	}
}, {
	"model": "sea_core.user",
	"pk": 1,
	"fields": {
		"password": "pbkdf2_sha256$150000$KRhaJ7Nfltgu$xcuO9KU14jXpGc0sK5AtCygu57k9vQS2AM6pdtfD6bQ=",
		"last_login": "2020-06-15T09:38:14.761Z",
		"is_superuser": true,
		"is_staff": false,
		"is_active": true,
		"date_joined": "2020-03-05T14:29:33.774Z",
		"email": "test@test.test",
		"first_name": "test",
		"last_name_prefix": "",
		"last_name": "test",
		"registered_on": "2020-03-05T14:29:33.774Z",
		"groups": [],
		"user_permissions": []
	}
}, {
	"model": "sea_core.userorganization",
	"pk": 1,
	"fields": {
		"user": 1,
		"organization": 1
	}
}, {
	"model": "sea_core.userorganization",
	"pk": 2,
	"fields": {
		"user": 1,
		"organization": 2
	}
}, {
	"model": "sea_core.surveyresponse",
	"pk": 1,
	"fields": {
		"survey": 1,
		"user_organization": 1,
		"token": null,
		"finished": false
	}
}, {
	"model": "sea_core.surveyresponse",
	"pk": 3,
	"fields": {
		"survey": 8,
		"user_organization": 1,
		"token": null,
		"finished": false
	}
}, {
	"model": "sea_core.questionresponse",
	"pk": 1,
	"fields": {
		"survey_response": 1,
		"direct_indicator_id": 16,
		"value": "22"
	}
}, {
	"model": "sea_core.questionresponse",
	"pk": 2,
	"fields": {
		"survey_response": 1,
		"direct_indicator_id": 29,
		"value": "5"
	}
}, {
	"model": "sea_core.questionresponse",
	"pk": 3,
	"fields": {
		"survey_response": 1,
		"direct_indicator_id": 23,
		"value": "222"
	}
}, {
	"model": "sea_core.questionresponse",
	"pk": 4,
	"fields": {
		"survey_response": 1,
		"direct_indicator_id": 19,
		"value": "22"
	}
}, {
	"model": "sea_core.questionresponse",
	"pk": 5,
	"fields": {
		"survey_response": 1,
		"direct_indicator_id": 21,
		"value": "222"
	}
}, {
	"model": "sea_core.questionresponse",
	"pk": 6,
	"fields": {
		"survey_response": 1,
		"direct_indicator_id": 22,
		"value": "222"
	}
}, {
	"model": "sea_core.questionresponse",
	"pk": 7,
	"fields": {
		"survey_response": 1,
		"direct_indicator_id": 28,
		"value": "22"
	}
}, {
	"model": "sea_core.questionresponse",
	"pk": 8,
	"fields": {
		"survey_response": 1,
		"direct_indicator_id": 20,
		"value": "222"
	}
}, {
	"model": "sea_core.questionresponse",
	"pk": 9,
	"fields": {
		"survey_response": 1,
		"direct_indicator_id": 18,
		"value": "222"
	}
}, {
	"model": "sea_core.questionresponse",
	"pk": 10,
	"fields": {
		"survey_response": 3,
		"direct_indicator_id": 30,
		"value": "5"
	}
}, {
	"model": "sea_core.questionresponse",
	"pk": 11,
	"fields": {
		"survey_response": 3,
		"direct_indicator_id": 31,
		"value": "5"
	}
}, {
	"model": "sea_core.questionresponse",
	"pk": 12,
	"fields": {
		"survey_response": 3,
		"direct_indicator_id": 32,
		"value": "workers cooperative"
	}
}, {
	"model": "sea_core.questionresponse",
	"pk": 13,
	"fields": {
		"survey_response": 3,
		"direct_indicator_id": 34,
		"value": "5"
	}
}, {
	"model": "sea_core.questionresponse",
	"pk": 14,
	"fields": {
		"survey_response": 3,
		"direct_indicator_id": 35,
		"value": "5"
	}
}, {
	"model": "sea_core.questionresponse",
	"pk": 15,
	"fields": {
		"survey_response": 3,
		"direct_indicator_id": 36,
		"value": "5"
	}
}, {
	"model": "sea_core.questionresponse",
	"pk": 16,
	"fields": {
		"survey_response": 3,
		"direct_indicator_id": 37,
		"value": "5"
	}
}, {
	"model": "sea_core.questionresponse",
	"pk": 17,
	"fields": {
		"survey_response": 3,
		"direct_indicator_id": 38,
		"value": "5"
	}
}, {
	"model": "sea_core.questionresponse",
	"pk": 18,
	"fields": {
		"survey_response": 3,
		"direct_indicator_id": 45,
		"value": "5"
	}
}, {
	"model": "sea_core.questionresponse",
	"pk": 19,
	"fields": {
		"survey_response": 3,
		"direct_indicator_id": 48,
		"value": "5"
	}
}, {
	"model": "sea_core.questionresponse",
	"pk": 20,
	"fields": {
		"survey_response": 3,
		"direct_indicator_id": 49,
		"value": "5"
	}
}, {
	"model": "sea_core.questionresponse",
	"pk": 21,
	"fields": {
		"survey_response": 3,
		"direct_indicator_id": 54,
		"value": "5"
	}
}, {
	"model": "sea_core.questionresponse",
	"pk": 22,
	"fields": {
		"survey_response": 3,
		"direct_indicator_id": 55,
		"value": "5"
	}
}, {
	"model": "sea_core.questionresponse",
	"pk": 23,
	"fields": {
		"survey_response": 3,
		"direct_indicator_id": 56,
		"value": "5"
	}
}, {
	"model": "sea_core.questionresponse",
	"pk": 24,
	"fields": {
		"survey_response": 3,
		"direct_indicator_id": 57,
		"value": "5"
	}
}]
