[{"model": "contenttypes.contenttype", "pk": 1, "fields": {"app_label": "admin", "model": "logentry"}}, {"model": "contenttypes.contenttype", "pk": 2, "fields": {"app_label": "auth", "model": "permission"}}, {"model": "contenttypes.contenttype", "pk": 3, "fields": {"app_label": "auth", "model": "group"}}, {"model": "contenttypes.contenttype", "pk": 4, "fields": {"app_label": "contenttypes", "model": "contenttype"}}, {"model": "contenttypes.contenttype", "pk": 5, "fields": {"app_label": "sessions", "model": "session"}}, {"model": "contenttypes.contenttype", "pk": 6, "fields": {"app_label": "sea_core", "model": "user"}}, {"model": "contenttypes.contenttype", "pk": 7, "fields": {"app_label": "sea_core", "model": "directindicator"}}, {"model": "contenttypes.contenttype", "pk": 8, "fields": {"app_label": "sea_core", "model": "method"}}, {"model": "contenttypes.contenttype", "pk": 9, "fields": {"app_label": "sea_core", "model": "organization"}}, {"model": "contenttypes.contenttype", "pk": 10, "fields": {"app_label": "sea_core", "model": "question"}}, {"model": "contenttypes.contenttype", "pk": 11, "fields": {"app_label": "sea_core", "model": "userorganization"}}, {"model": "contenttypes.contenttype", "pk": 12, "fields": {"app_label": "sea_core", "model": "topic"}}, {"model": "contenttypes.contenttype", "pk": 13, "fields": {"app_label": "sea_core", "model": "questionoption"}}, {"model": "contenttypes.contenttype", "pk": 14, "fields": {"app_label": "sea_core", "model": "indirectindicator"}}, {"model": "contenttypes.contenttype", "pk": 15, "fields": {"app_label": "sea_core", "model": "stakeholdergroup"}}, {"model": "contenttypes.contenttype", "pk": 16, "fields": {"app_label": "sea_core", "model": "survey"}}, {"model": "contenttypes.contenttype", "pk": 17, "fields": {"app_label": "sea_core", "model": "surveyresponse"}}, {"model": "contenttypes.contenttype", "pk": 18, "fields": {"app_label": "sea_core", "model": "questionresponse"}}, {"model": "contenttypes.contenttype", "pk": 19, "fields": {"app_label": "authtoken", "model": "token"}}, {"model": "sea_core.organization", "pk": 1, "fields": {"name": "Compoto IT", "description": "description...", "image": "organization/default.png"}}, {"model": "sea_core.organization", "pk": 2, "fields": {"name": "EA", "description": "description...", "image": "organization/default.png"}}, {"model": "sea_core.organization", "pk": 3, "fields": {"name": "Epic Games", "description": "description...", "image": "organization/default.png"}}, {"model": "sea_core.organization", "pk": 4, "fields": {"name": "FTSF", "description": "ftsf", "image": "organization/default.png"}}, {"model": "sea_core.indirectindicator", "pk": 1, "fields": {"name": "total_staff", "formula": "[woman_staff] + [men_staff]", "description": "Total staff", "topic": 14}}, {"model": "sea_core.indirectindicator", "pk": 2, "fields": {"name": "gender_pay_gap", "formula": "[average_salary_women] / [average_salary_men]", "description": "Gender pay gap", "topic": 15}}, {"model": "sea_core.indirectindicator", "pk": 4, "fields": {"name": "decision_making_ratio", "formula": "[women_staff_deciding] + [men_staff_deciding] / [employee_opinion_on_inclusiveness]", "description": "Decision making ratio", "topic": 17}}, {"model": "sea_core.indirectindicator", "pk": 5, "fields": {"name": "meme", "formula": "[empl_cur_year] + 1 + 1", "description": "desctiption", "topic": 1}}, {"model": "sea_core.indirectindicator", "pk": 6, "fields": {"name": "eeee", "formula": "[empl_cur_year] + 1 + 1", "description": "desctiption", "topic": 1}}, {"model": "sea_core.indirectindicator", "pk": 8, "fields": {"name": "gender_decision_making_ratio", "formula": "[women_staff_deciding] / ([women_staff_deciding] + [men_staff_deciding])", "description": "Gender decision making ratio", "topic": 15}}, {"model": "sea_core.indirectindicator", "pk": 9, "fields": {"name": "recycling_ratio", "formula": "[recycled_waste_kg] / [total_waste_kg]", "description": "Recycled waste ratio", "topic": 16}}, {"model": "sea_core.indirectindicator", "pk": 10, "fields": {"name": "renewable_ratio", "formula": "[renewable_energy_consumption] / [total_energy_consumption]", "description": "Renewable energy ratio", "topic": 16}}, {"model": "sea_core.indirectindicator", "pk": 11, "fields": {"name": "aaaaa", "formula": "[empl_cur_year] + 1 + 1", "description": "desctiption", "topic": 1}}, {"model": "sea_core.indirectindicator", "pk": 12, "fields": {"name": "test", "formula": "[average_salary_women] + 1 + 1", "description": "desctiption", "topic": 1}}, {"model": "sea_core.indirectindicator", "pk": 13, "fields": {"name": "test", "formula": "[average_salary_women] + 1 + 1", "description": "desctiption", "topic": 16}}, {"model": "sea_core.indirectindicator", "pk": 14, "fields": {"name": "teest", "formula": "[average_salary_women] + 1 + 1", "description": "desctiption", "topic": 16}}, {"model": "sea_core.indirectindicator", "pk": 15, "fields": {"name": "department_sustainability_course_offerings_score", "formula": "6.67*([departments_with_sustainability_courses]/ [total_departments])", "description": "Departments offering sustainability courses score", "topic": 23}}, {"model": "sea_core.questionoption", "pk": 8, "fields": {"text": "option 1", "value": 5, "question": 35}}, {"model": "sea_core.questionoption", "pk": 9, "fields": {"text": "option 2", "value": 4, "question": 35}}, {"model": "sea_core.questionoption", "pk": 10, "fields": {"text": "option 1", "value": 6, "question": 35}}, {"model": "sea_core.questionoption", "pk": 31, "fields": {"text": "workers cooperative", "value": 1, "question": 38}}, {"model": "sea_core.questionoption", "pk": 32, "fields": {"text": "limited company", "value": 1, "question": 38}}, {"model": "sea_core.questionoption", "pk": 33, "fields": {"text": "private company", "value": 1, "question": 38}}, {"model": "sea_core.questionoption", "pk": 82, "fields": {"text": "option 1", "value": 1, "question": 61}}, {"model": "sea_core.questionoption", "pk": 83, "fields": {"text": "option 2", "value": 1, "question": 61}}, {"model": "sea_core.questionoption", "pk": 181, "fields": {"text": "1", "value": 1, "question": 55}}, {"model": "sea_core.questionoption", "pk": 182, "fields": {"text": "2", "value": 2, "question": 55}}, {"model": "sea_core.questionoption", "pk": 183, "fields": {"text": "3", "value": 3, "question": 55}}, {"model": "sea_core.questionoption", "pk": 184, "fields": {"text": "4", "value": 4, "question": 55}}, {"model": "sea_core.questionoption", "pk": 185, "fields": {"text": "5", "value": 5, "question": 55}}, {"model": "sea_core.questionoption", "pk": 186, "fields": {"text": "6", "value": 6, "question": 55}}, {"model": "sea_core.questionoption", "pk": 187, "fields": {"text": "7", "value": 7, "question": 55}}, {"model": "sea_core.questionoption", "pk": 188, "fields": {"text": "8", "value": 8, "question": 55}}, {"model": "sea_core.questionoption", "pk": 189, "fields": {"text": "9", "value": 9, "question": 55}}, {"model": "sea_core.questionoption", "pk": 190, "fields": {"text": "10", "value": 10, "question": 55}}, {"model": "sea_core.method", "pk": 1, "fields": {"name": "De beste bieren", "description": "Wat zijn de beste bieren?", "is_public": false, "organization": 2}}, {"model": "sea_core.method", "pk": 2, "fields": {"name": "Hoe groen is uw bedrijf?", "description": "De test om te kijken hoe groen uw bedrijf echt is", "is_public": false, "organization": 2}}, {"model": "sea_core.method", "pk": 3, "fields": {"name": "FTSF", "description": "...", "is_public": true, "organization": 1}}, {"model": "sea_core.method", "pk": 4, "fields": {"name": "example method", "description": "...", "is_public": false, "organization": 4}}, {"model": "sea_core.method", "pk": 5, "fields": {"name": "Untitled method", "description": "...", "is_public": false, "organization": 1}}, {"model": "sea_core.method", "pk": 6, "fields": {"name": "test", "description": "...", "is_public": false, "organization": 1}}, {"model": "sea_core.method", "pk": 7, "fields": {"name": "STARS example", "description": "A sample of the STARS reporting method", "is_public": false, "organization": 4}}, {"model": "sea_core.topic", "pk": 1, "fields": {"name": "Employment creation", "description": "", "parent_topic": null, "method": 3}}, {"model": "sea_core.topic", "pk": 2, "fields": {"name": "Respect for the environment", "description": "", "parent_topic": null, "method": 3}}, {"model": "sea_core.topic", "pk": 8, "fields": {"name": "Giving back", "description": "", "parent_topic": null, "method": 3}}, {"model": "sea_core.topic", "pk": 13, "fields": {"name": "test", "description": "", "parent_topic": 1, "method": 3}}, {"model": "sea_core.topic", "pk": 14, "fields": {"name": "Organization data", "description": "", "parent_topic": null, "method": 4}}, {"model": "sea_core.topic", "pk": 15, "fields": {"name": "Gender equity", "description": "", "parent_topic": null, "method": 4}}, {"model": "sea_core.topic", "pk": 16, "fields": {"name": "Environmental impact", "description": "", "parent_topic": null, "method": 4}}, {"model": "sea_core.topic", "pk": 17, "fields": {"name": "Workplace quality", "description": "", "parent_topic": null, "method": 4}}, {"model": "sea_core.topic", "pk": 18, "fields": {"name": "test", "description": "", "parent_topic": null, "method": 5}}, {"model": "sea_core.topic", "pk": 19, "fields": {"name": "test", "description": "", "parent_topic": null, "method": 6}}, {"model": "sea_core.topic", "pk": 21, "fields": {"name": "test subtopic", "description": "", "parent_topic": 19, "method": 6}}, {"model": "sea_core.topic", "pk": 22, "fields": {"name": "Academics", "description": "", "parent_topic": null, "method": 7}}, {"model": "sea_core.topic", "pk": 23, "fields": {"name": "Curriculum", "description": "", "parent_topic": 22, "method": 7}}, {"model": "sea_core.topic", "pk": 25, "fields": {"name": "Academic courses", "description": "", "parent_topic": 22, "method": 7}}, {"model": "sea_core.topic", "pk": 27, "fields": {"name": "Learning outcomes", "description": "", "parent_topic": 22, "method": 7}}, {"model": "sea_core.stakeholdergroup", "pk": 1, "fields": {"name": "members", "method": 3}}, {"model": "sea_core.stakeholdergroup", "pk": 2, "fields": {"name": "members", "method": 4}}, {"model": "sea_core.stakeholdergroup", "pk": 3, "fields": {"name": "employees", "method": 4}}, {"model": "sea_core.stakeholdergroup", "pk": 4, "fields": {"name": "members", "method": 5}}, {"model": "sea_core.stakeholdergroup", "pk": 5, "fields": {"name": "members", "method": 6}}, {"model": "sea_core.stakeholdergroup", "pk": 6, "fields": {"name": "members", "method": 7}}, {"model": "sea_core.survey", "pk": 1, "fields": {"name": "Full survey", "description": "test", "rate": 0, "anonymous": false, "method": 3, "stakeholder_group": 1, "questions": [16, 18, 19, 20, 21, 22, 23, 24, 25, 26, 27, 28, 29]}}, {"model": "sea_core.survey", "pk": 2, "fields": {"name": "Partial survey", "description": "", "rate": 0, "anonymous": false, "method": 3, "stakeholder_group": 1, "questions": [18, 19, 20, 21, 25, 26]}}, {"model": "sea_core.survey", "pk": 8, "fields": {"name": "Full survey", "description": "test", "rate": 0, "anonymous": false, "method": 4, "stakeholder_group": 2, "questions": [30, 31, 32, 34, 35, 36, 37, 38, 45, 48, 49, 54, 55, 56, 57]}}, {"model": "sea_core.survey", "pk": 9, "fields": {"name": "Test example method survey", "description": "test", "rate": 75, "anonymous": false, "method": 4, "stakeholder_group": 3, "questions": [30, 31, 32, 34, 35]}}, {"model": "sea_core.survey", "pk": 10, "fields": {"name": "test", "description": "test", "rate": 0, "anonymous": false, "method": 5, "stakeholder_group": 4, "questions": [60, 61, 62]}}, {"model": "sea_core.survey", "pk": 12, "fields": {"name": "test", "description": "", "rate": 0, "anonymous": false, "method": 6, "stakeholder_group": 5, "questions": [63, 64, 65]}}, {"model": "sea_core.survey", "pk": 13, "fields": {"name": "Managerial survey", "description": "", "rate": 0, "anonymous": false, "method": 7, "stakeholder_group": 6, "questions": [66, 67]}}, {"model": "sea_core.question", "pk": 1, "fields": {"name": "name", "description": "description", "prefix": "options", "suffix": "topic", "default": "", "type": "type"}}, {"model": "sea_core.question", "pk": 21, "fields": {"name": "Community benefits", "description": "Whether your organisation uses its increased income and skills to benefit the wider community in its area using IT.", "prefix": "", "suffix": "", "default": "", "type": "TEXT"}}, {"model": "sea_core.question", "pk": 22, "fields": {"name": "Employee count (current year)", "description": "", "prefix": "", "suffix": "", "default": "", "type": "NUMBER"}}, {"model": "sea_core.question", "pk": 23, "fields": {"name": "tttttest", "description": "", "prefix": "", "suffix": "", "default": "", "type": "NUMBER"}}, {"model": "sea_core.question", "pk": 24, "fields": {"name": "Employee count (female)", "description": "", "prefix": "", "suffix": "", "default": "", "type": "NUMBER"}}, {"model": "sea_core.question", "pk": 25, "fields": {"name": "Community benefits", "description": "Whether your organisation uses its increased income and skills to benefit the wider community in its area using IT.", "prefix": "", "suffix": "", "default": "", "type": "NUMBER"}}, {"model": "sea_core.question", "pk": 26, "fields": {"name": "Employees lost", "description": "Amount of employees that have left your organisation over past year.", "prefix": "", "suffix": "", "default": "", "type": "NUMBER"}}, {"model": "sea_core.question", "pk": 27, "fields": {"name": "Employee count (last year)", "description": "", "prefix": "", "suffix": "", "default": "", "type": "NUMBER"}}, {"model": "sea_core.question", "pk": 28, "fields": {"name": "Employee count (forced)", "description": "Amount of employees which are either forced or under the age of 15 without internship.", "prefix": "", "suffix": "", "default": "", "type": "NUMBER"}}, {"model": "sea_core.question", "pk": 29, "fields": {"name": "Employee count (local)", "description": "Amount of local talent hired in offices in developing countries.", "prefix": "", "suffix": "", "default": "", "type": "NUMBER"}}, {"model": "sea_core.question", "pk": 30, "fields": {"name": "Amount of renewable energy consumed (kWh)", "description": "", "prefix": "", "suffix": "", "default": "", "type": "NUMBER"}}, {"model": "sea_core.question", "pk": 31, "fields": {"name": "Total energy consumed (kWh)", "description": "", "prefix": "", "suffix": "", "default": "", "type": "NUMBER"}}, {"model": "sea_core.question", "pk": 32, "fields": {"name": "Unit mass (kilograms)", "description": "Average mass in kilograms of electronic items your organisation has in service.", "prefix": "", "suffix": "", "default": "", "type": "NUMBER"}}, {"model": "sea_core.question", "pk": 33, "fields": {"name": "Unit count", "description": "Amount of electronic items your organisation has in service.", "prefix": "", "suffix": "", "default": "", "type": "NUMBER"}}, {"model": "sea_core.question", "pk": 34, "fields": {"name": "Unit lifespan (years)", "description": "Average lifespan of electronic items in years.", "prefix": "", "suffix": "", "default": "", "type": "NUMBER"}}, {"model": "sea_core.question", "pk": 35, "fields": {"name": "test", "description": "test", "prefix": "", "suffix": "", "default": "", "type": "RADIO"}}, {"model": "sea_core.question", "pk": 36, "fields": {"name": "Women staff members", "description": "", "prefix": "", "suffix": "persons", "default": "", "type": "NUMBER"}}, {"model": "sea_core.question", "pk": 37, "fields": {"name": "Men staff members", "description": "", "prefix": "", "suffix": "persons", "default": "", "type": "NUMBER"}}, {"model": "sea_core.question", "pk": 38, "fields": {"name": "Type of company", "description": "", "prefix": "", "suffix": "", "default": "", "type": "RADIO"}}, {"model": "sea_core.question", "pk": 39, "fields": {"name": "Average salary women", "description": "", "prefix": "\u20ac", "suffix": "", "default": "", "type": "NUMBER"}}, {"model": "sea_core.question", "pk": 40, "fields": {"name": "Average salary men", "description": "", "prefix": "\u20ac", "suffix": "", "default": "", "type": "NUMBER"}}, {"model": "sea_core.question", "pk": 41, "fields": {"name": "Recycled waste", "description": "", "prefix": "", "suffix": "kg", "default": "", "type": "NUMBER"}}, {"model": "sea_core.question", "pk": 42, "fields": {"name": "Total waste", "description": "", "prefix": "", "suffix": "kg", "default": "", "type": "NUMBER"}}, {"model": "sea_core.question", "pk": 43, "fields": {"name": "Renewable energy", "description": "", "prefix": "", "suffix": "", "default": "", "type": "NUMBER"}}, {"model": "sea_core.question", "pk": 44, "fields": {"name": "question -Infinity", "description": "", "prefix": "", "suffix": "", "default": "", "type": "NUMBER"}}, {"model": "sea_core.question", "pk": 45, "fields": {"name": "Total energy", "description": "", "prefix": "", "suffix": "", "default": "", "type": "NUMBER"}}, {"model": "sea_core.question", "pk": 46, "fields": {"name": "question 2", "description": "", "prefix": "", "suffix": "", "default": "", "type": "NUMBER"}}, {"model": "sea_core.question", "pk": 47, "fields": {"name": "Number of men involved in decision making", "description": "", "prefix": "", "suffix": "", "default": "", "type": "NUMBER"}}, {"model": "sea_core.question", "pk": 48, "fields": {"name": "Employee satisfaction", "description": "", "prefix": "", "suffix": "", "default": "", "type": "NUMBER"}}, {"model": "sea_core.question", "pk": 49, "fields": {"name": "Environmental impact score", "description": "", "prefix": "", "suffix": "", "default": "", "type": "NUMBER"}}, {"model": "sea_core.question", "pk": 50, "fields": {"name": "Salaries publicly available", "description": "", "prefix": "", "suffix": "", "default": "", "type": "NUMBER"}}, {"model": "sea_core.question", "pk": 51, "fields": {"name": "question 1", "description": "", "prefix": "", "suffix": "", "default": "", "type": "NUMBER"}}, {"model": "sea_core.question", "pk": 52, "fields": {"name": "question 1", "description": "", "prefix": "", "suffix": "", "default": "", "type": "NUMBER"}}, {"model": "sea_core.question", "pk": 53, "fields": {"name": "Number of women involved in decision making", "description": "", "prefix": "", "suffix": "", "default": "", "type": "NUMBER"}}, {"model": "sea_core.question", "pk": 54, "fields": {"name": "Number of men involved in decision making", "description": "", "prefix": "", "suffix": "", "default": "", "type": "NUMBER"}}, {"model": "sea_core.question", "pk": 55, "fields": {"name": "Employee satisfaction", "description": "", "prefix": "", "suffix": "", "default": "", "type": "CHECKBOX"}}, {"model": "sea_core.question", "pk": 56, "fields": {"name": "Inclusivess of the company", "description": "", "prefix": "", "suffix": "", "default": "", "type": "NUMBER"}}, {"model": "sea_core.question", "pk": 57, "fields": {"name": "Question 1 aaaaaa", "description": "", "prefix": "", "suffix": "", "default": "", "type": "NUMBER"}}, {"model": "sea_core.question", "pk": 58, "fields": {"name": "Question 2", "description": "", "prefix": "", "suffix": "", "default": "", "type": "NUMBER"}}, {"model": "sea_core.question", "pk": 59, "fields": {"name": "Question 3", "description": "", "prefix": "", "suffix": "", "default": "", "type": "NUMBER"}}, {"model": "sea_core.question", "pk": 60, "fields": {"name": "Question 4", "description": "", "prefix": "", "suffix": "", "default": "", "type": "NUMBER"}}, {"model": "sea_core.question", "pk": 61, "fields": {"name": "Question 1", "description": "", "prefix": "", "suffix": "", "default": "", "type": "RADIO"}}, {"model": "sea_core.question", "pk": 62, "fields": {"name": "question 3", "description": "", "prefix": "", "suffix": "", "default": "", "type": "NUMBER"}}, {"model": "sea_core.question", "pk": 63, "fields": {"name": "How many departments within your institute offer sustainability focused/inclusive courses?", "description": "Number of departments with sustainability course offerings", "prefix": "", "suffix": "", "default": "", "type": "NUMBER"}}, {"model": "sea_core.question", "pk": 64, "fields": {"name": "What is the total number of departments within your institute?", "description": "Total number of departments", "prefix": "", "suffix": "", "default": "", "type": "NUMBER"}}, {"model": "sea_core.directindicator", "pk": 16, "fields": {"key": "empl_cur_year", "max_number": null, "min_number": null, "question": 22, "topic": 1}}, {"model": "sea_core.directindicator", "pk": 18, "fields": {"key": "empl_female", "max_number": null, "min_number": null, "question": 24, "topic": 1}}, {"model": "sea_core.directindicator", "pk": 19, "fields": {"key": "com_benefits", "max_number": null, "min_number": null, "question": 25, "topic": 8}}, {"model": "sea_core.directindicator", "pk": 20, "fields": {"key": "empl_lost", "max_number": null, "min_number": null, "question": 26, "topic": 1}}, {"model": "sea_core.directindicator", "pk": 21, "fields": {"key": "empl_last_year", "max_number": null, "min_number": null, "question": 27, "topic": 1}}, {"model": "sea_core.directindicator", "pk": 22, "fields": {"key": "empl_forced", "max_number": null, "min_number": null, "question": 28, "topic": 1}}, {"model": "sea_core.directindicator", "pk": 23, "fields": {"key": "empl_local", "max_number": null, "min_number": null, "question": 29, "topic": 1}}, {"model": "sea_core.directindicator", "pk": 24, "fields": {"key": "energy_renewable", "max_number": null, "min_number": null, "question": 30, "topic": 2}}, {"model": "sea_core.directindicator", "pk": 25, "fields": {"key": "energy_total", "max_number": null, "min_number": null, "question": 31, "topic": 2}}, {"model": "sea_core.directindicator", "pk": 26, "fields": {"key": "unit_mass", "max_number": null, "min_number": null, "question": 32, "topic": 2}}, {"model": "sea_core.directindicator", "pk": 27, "fields": {"key": "unit_count", "max_number": null, "min_number": null, "question": 33, "topic": 2}}, {"model": "sea_core.directindicator", "pk": 28, "fields": {"key": "unit_lifespan", "max_number": null, "min_number": null, "question": 34, "topic": 2}}, {"model": "sea_core.directindicator", "pk": 29, "fields": {"key": "test", "max_number": null, "min_number": null, "question": 35, "topic": 13}}, {"model": "sea_core.directindicator", "pk": 30, "fields": {"key": "woman_staff", "max_number": null, "min_number": null, "question": 36, "topic": 14}}, {"model": "sea_core.directindicator", "pk": 31, "fields": {"key": "men_staff", "max_number": null, "min_number": null, "question": 37, "topic": 14}}, {"model": "sea_core.directindicator", "pk": 32, "fields": {"key": "company_type", "max_number": null, "min_number": null, "question": 38, "topic": 14}}, {"model": "sea_core.directindicator", "pk": 34, "fields": {"key": "average_salary_women", "max_number": null, "min_number": null, "question": 39, "topic": 15}}, {"model": "sea_core.directindicator", "pk": 35, "fields": {"key": "average_salary_men", "max_number": null, "min_number": null, "question": 40, "topic": 15}}, {"model": "sea_core.directindicator", "pk": 36, "fields": {"key": "recycled_waste_kg", "max_number": null, "min_number": null, "question": 41, "topic": 16}}, {"model": "sea_core.directindicator", "pk": 37, "fields": {"key": "total_waste_kg", "max_number": null, "min_number": null, "question": 42, "topic": 16}}, {"model": "sea_core.directindicator", "pk": 38, "fields": {"key": "renewable_energy_consumption", "max_number": null, "min_number": null, "question": 43, "topic": 16}}, {"model": "sea_core.directindicator", "pk": 45, "fields": {"key": "total_energy_consumption", "max_number": null, "min_number": null, "question": 45, "topic": 16}}, {"model": "sea_core.directindicator", "pk": 48, "fields": {"key": "Employee_satisfaction", "max_number": null, "min_number": null, "question": 49, "topic": 17}}, {"model": "sea_core.directindicator", "pk": 49, "fields": {"key": "public_salaries", "max_number": null, "min_number": null, "question": 50, "topic": 17}}, {"model": "sea_core.directindicator", "pk": 54, "fields": {"key": "women_staff_deciding", "max_number": null, "min_number": null, "question": 53, "topic": 17}}, {"model": "sea_core.directindicator", "pk": 55, "fields": {"key": "men_staff_deciding", "max_number": null, "min_number": null, "question": 54, "topic": 17}}, {"model": "sea_core.directindicator", "pk": 56, "fields": {"key": "employee_satisfaction", "max_number": null, "min_number": null, "question": 55, "topic": 17}}, {"model": "sea_core.directindicator", "pk": 57, "fields": {"key": "employee_opinion_on_inclusiveness", "max_number": null, "min_number": null, "question": 56, "topic": 17}}, {"model": "sea_core.directindicator", "pk": 60, "fields": {"key": "direct_indicator_1", "max_number": null, "min_number": null, "question": 51, "topic": 18}}, {"model": "sea_core.directindicator", "pk": 61, "fields": {"key": "direct_indicator_2", "max_number": null, "min_number": null, "question": 46, "topic": 18}}, {"model": "sea_core.directindicator", "pk": 62, "fields": {"key": "direct_indicator_3", "max_number": null, "min_number": null, "question": 62, "topic": 18}}, {"model": "sea_core.directindicator", "pk": 63, "fields": {"key": "direct_indicator_1", "max_number": null, "min_number": null, "question": 51, "topic": 21}}, {"model": "sea_core.directindicator", "pk": 64, "fields": {"key": "direct_indicator_2", "max_number": null, "min_number": null, "question": 46, "topic": 21}}, {"model": "sea_core.directindicator", "pk": 65, "fields": {"key": "direct_indicator_3", "max_number": null, "min_number": null, "question": 62, "topic": 21}}, {"model": "sea_core.directindicator", "pk": 66, "fields": {"key": "departments_with_sustainability_courses", "max_number": null, "min_number": null, "question": 63, "topic": 23}}, {"model": "sea_core.directindicator", "pk": 67, "fields": {"key": "total_departments", "max_number": null, "min_number": null, "question": 64, "topic": 23}}, {"model": "sea_core.surveyresponse", "pk": 1, "fields": {"survey": 1, "user_organization": 5, "token": null, "finished": false}}, {"model": "sea_core.surveyresponse", "pk": 3, "fields": {"survey": 8, "user_organization": 6, "token": null, "finished": false}}, {"model": "sea_core.surveyresponse", "pk": 4, "fields": {"survey": 9, "user_organization": 6, "token": null, "finished": false}}, {"model": "sea_core.surveyresponse", "pk": 5, "fields": {"survey": 1, "user_organization": null, "token": "Ra_nJL52gqG_Z55Oiw5dsMxTtcs7LXzF6ixUIW_MGxA", "finished": false}}, {"model": "sea_core.surveyresponse", "pk": 6, "fields": {"survey": 1, "user_organization": null, "token": "Czeh778ZZajX2y3uCT0yMinEwmBipyn0C6IujRfmW20", "finished": false}}, {"model": "sea_core.surveyresponse", "pk": 7, "fields": {"survey": 1, "user_organization": null, "token": "vRvGNKlWuAStCfhom27_cf_QmD2YCqlGe6GLzPE_D9I", "finished": false}}, {"model": "sea_core.surveyresponse", "pk": 8, "fields": {"survey": 1, "user_organization": null, "token": "vRvGNKlWuAStCfhom27_cf_QmD2YCqlGe6GLzPE_D9I", "finished": false}}, {"model": "sea_core.surveyresponse", "pk": 9, "fields": {"survey": 1, "user_organization": null, "token": "vRvGNKlWuAStCfhom27_cf_QmD2YCqlGe6GLzPE_D9I", "finished": false}}, {"model": "sea_core.surveyresponse", "pk": 10, "fields": {"survey": 1, "user_organization": null, "token": "vRvGNKlWuAStCfhom27_cf_QmD2YCqlGe6GLzPE_D9I", "finished": false}}, {"model": "sea_core.surveyresponse", "pk": 11, "fields": {"survey": 1, "user_organization": null, "token": "UyPQeTYPMqWH8uBi80bybLZJaPSf5s2fQvlVK25raA0", "finished": false}}, {"model": "sea_core.surveyresponse", "pk": 12, "fields": {"survey": 1, "user_organization": null, "token": "UyPQeTYPMqWH8uBi80bybLZJaPSf5s2fQvlVK25raA0", "finished": false}}, {"model": "sea_core.surveyresponse", "pk": 13, "fields": {"survey": 1, "user_organization": null, "token": "UyPQeTYPMqWH8uBi80bybLZJaPSf5s2fQvlVK25raA0", "finished": false}}, {"model": "sea_core.surveyresponse", "pk": 14, "fields": {"survey": 1, "user_organization": null, "token": "JrjrpgnpVJq-ufdZp9GvmVx4MWPbXay9r46NqEjypX4", "finished": false}}, {"model": "sea_core.surveyresponse", "pk": 15, "fields": {"survey": 1, "user_organization": null, "token": "7K3B_xI4ucVkXjuUkn6BIRyuT6lk2JwsUSxNgLgx37s", "finished": false}}, {"model": "sea_core.surveyresponse", "pk": 16, "fields": {"survey": 8, "user_organization": null, "token": "reds1QLKNzVLB5VdXVj39TvMKRvm1QaTwWjPdx5KoaA", "finished": true}}, {"model": "sea_core.surveyresponse", "pk": 17, "fields": {"survey": 8, "user_organization": null, "token": "UeOD1UnmuS_3D5-95L6tNo-ef93kGg5THjSYN8DuUgA", "finished": false}}, {"model": "sea_core.surveyresponse", "pk": 18, "fields": {"survey": 8, "user_organization": null, "token": "6lnaEQ1hEWVBjeHcm9seV891OIIFEj_qzNHMvxw84ho", "finished": false}}, {"model": "sea_core.surveyresponse", "pk": 19, "fields": {"survey": 8, "user_organization": null, "token": "KsLwuOxj502CWqqPBF_6_7A0n69gf8k-wL5eIE9zOCg", "finished": true}}, {"model": "sea_core.surveyresponse", "pk": 20, "fields": {"survey": 8, "user_organization": null, "token": "RDLAxrHddwW_pTRSsuU0z2x6pspgB6SstUX4UJC17CM", "finished": false}}, {"model": "sea_core.surveyresponse", "pk": 21, "fields": {"survey": 8, "user_organization": null, "token": "KOVXY8DGGUXs_zfensdQEgUfpYi94ERHmsfbYJofIUU", "finished": true}}, {"model": "sea_core.surveyresponse", "pk": 22, "fields": {"survey": 8, "user_organization": null, "token": "z26e0DsFt-1kq__PjqwyzD-FfnqNP48B7MRzyJhzTdY", "finished": true}}, {"model": "sea_core.surveyresponse", "pk": 23, "fields": {"survey": 8, "user_organization": null, "token": "pvhq3TnkMQ1CPsVLl3L_k-BEtvEzfI5YyqH4p27Qt_Y", "finished": true}}, {"model": "sea_core.surveyresponse", "pk": 24, "fields": {"survey": 8, "user_organization": null, "token": "30gz9g4DNgTFor_R-SC9ois9M8_tUu8qw_NjhHvLtOE", "finished": false}}, {"model": "sea_core.surveyresponse", "pk": 25, "fields": {"survey": 8, "user_organization": null, "token": "l21c9WgnCptVXvSOFc6FHIsW8mko0sQC7m-rsGPBJ_8", "finished": false}}, {"model": "sea_core.surveyresponse", "pk": 26, "fields": {"survey": 8, "user_organization": null, "token": "OaPfuPlbQLkkh1GPDs3rcMqPMXkufUaieuJK_tgQZbA", "finished": false}}, {"model": "sea_core.surveyresponse", "pk": 27, "fields": {"survey": 8, "user_organization": null, "token": "5UO0Ta3T_OTR3zgSBHTXnEBIxr0l8y5KsrAnzqM2TB0", "finished": false}}, {"model": "sea_core.surveyresponse", "pk": 28, "fields": {"survey": 8, "user_organization": null, "token": "_BglfnblSpCG1mwq1O2yhc0BH9SPsRK7wqiuLHS44UQ", "finished": false}}, {"model": "sea_core.surveyresponse", "pk": 29, "fields": {"survey": 8, "user_organization": null, "token": "xS1Cj7hdFH2vI3rxs6nC1v3uBhxydEk6lQdTFKtW14s", "finished": false}}, {"model": "sea_core.surveyresponse", "pk": 30, "fields": {"survey": 8, "user_organization": null, "token": "70bsWAI4UzRAfgdZtmWDDwqbJapwRLGr8PCHf4tiZl4", "finished": false}}, {"model": "sea_core.surveyresponse", "pk": 31, "fields": {"survey": 8, "user_organization": null, "token": "burKwo03simluWPQwxJM0eJI7Tlwp6in3uU69xtnvEI", "finished": false}}, {"model": "sea_core.surveyresponse", "pk": 32, "fields": {"survey": 8, "user_organization": null, "token": "IA5QqMFnZIzbN99XaMxQAzF_4MOK_mP7HY8aXyYpGqk", "finished": true}}, {"model": "sea_core.surveyresponse", "pk": 33, "fields": {"survey": 2, "user_organization": 5, "token": null, "finished": false}}, {"model": "sea_core.surveyresponse", "pk": 34, "fields": {"survey": 10, "user_organization": 5, "token": null, "finished": false}}, {"model": "sea_core.surveyresponse", "pk": 35, "fields": {"survey": 12, "user_organization": 5, "token": null, "finished": false}}, {"model": "sea_core.surveyresponse", "pk": 36, "fields": {"survey": 8, "user_organization": null, "token": "omwHjEYCjwszr7rHDVVTwK1FzacCYEGVgSLDMAemXRg", "finished": true}}, {"model": "sea_core.surveyresponse", "pk": 37, "fields": {"survey": 13, "user_organization": 6, "token": null, "finished": false}}, {"model": "sea_core.surveyresponse", "pk": 38, "fields": {"survey": 1, "user_organization": null, "token": "SWvxAID0tMugpvaid-RsI3s4y9qsRJ6unRf8_8Pzjr8", "finished": false}}, {"model": "sea_core.surveyresponse", "pk": 39, "fields": {"survey": 1, "user_organization": null, "token": "-5bNY2yvWDSY7fEbY2eusLI29D_RoLXav4NiH38SvMU", "finished": false}}, {"model": "sea_core.surveyresponse", "pk": 40, "fields": {"survey": 1, "user_organization": null, "token": "lgGj5fb41zMNfuaGBPIkli-rO2DsHfIUC8MDeKjQVOw", "finished": false}}, {"model": "sea_core.questionresponse", "pk": 1, "fields": {"survey_response": 1, "direct_indicator_id": 16, "value": "22"}}, {"model": "sea_core.questionresponse", "pk": 2, "fields": {"survey_response": 1, "direct_indicator_id": 29, "value": "5"}}, {"model": "sea_core.questionresponse", "pk": 3, "fields": {"survey_response": 1, "direct_indicator_id": 23, "value": "222"}}, {"model": "sea_core.questionresponse", "pk": 4, "fields": {"survey_response": 1, "direct_indicator_id": 19, "value": "22"}}, {"model": "sea_core.questionresponse", "pk": 5, "fields": {"survey_response": 1, "direct_indicator_id": 21, "value": "222"}}, {"model": "sea_core.questionresponse", "pk": 6, "fields": {"survey_response": 1, "direct_indicator_id": 22, "value": "222"}}, {"model": "sea_core.questionresponse", "pk": 7, "fields": {"survey_response": 1, "direct_indicator_id": 28, "value": "22"}}, {"model": "sea_core.questionresponse", "pk": 8, "fields": {"survey_response": 1, "direct_indicator_id": 20, "value": "222"}}, {"model": "sea_core.questionresponse", "pk": 9, "fields": {"survey_response": 1, "direct_indicator_id": 18, "value": "222"}}, {"model": "sea_core.questionresponse", "pk": 10, "fields": {"survey_response": 3, "direct_indicator_id": 30, "value": "5"}}, {"model": "sea_core.questionresponse", "pk": 11, "fields": {"survey_response": 3, "direct_indicator_id": 31, "value": "5"}}, {"model": "sea_core.questionresponse", "pk": 12, "fields": {"survey_response": 3, "direct_indicator_id": 32, "value": "workers cooperative"}}, {"model": "sea_core.questionresponse", "pk": 13, "fields": {"survey_response": 3, "direct_indicator_id": 34, "value": "5"}}, {"model": "sea_core.questionresponse", "pk": 14, "fields": {"survey_response": 3, "direct_indicator_id": 35, "value": "5"}}, {"model": "sea_core.questionresponse", "pk": 15, "fields": {"survey_response": 3, "direct_indicator_id": 36, "value": "5"}}, {"model": "sea_core.questionresponse", "pk": 16, "fields": {"survey_response": 3, "direct_indicator_id": 37, "value": "5"}}, {"model": "sea_core.questionresponse", "pk": 17, "fields": {"survey_response": 3, "direct_indicator_id": 38, "value": "5"}}, {"model": "sea_core.questionresponse", "pk": 18, "fields": {"survey_response": 3, "direct_indicator_id": 45, "value": "5"}}, {"model": "sea_core.questionresponse", "pk": 19, "fields": {"survey_response": 3, "direct_indicator_id": 48, "value": "5"}}, {"model": "sea_core.questionresponse", "pk": 20, "fields": {"survey_response": 3, "direct_indicator_id": 49, "value": "5"}}, {"model": "sea_core.questionresponse", "pk": 21, "fields": {"survey_response": 3, "direct_indicator_id": 54, "value": "5"}}, {"model": "sea_core.questionresponse", "pk": 22, "fields": {"survey_response": 3, "direct_indicator_id": 55, "value": "5"}}, {"model": "sea_core.questionresponse", "pk": 23, "fields": {"survey_response": 3, "direct_indicator_id": 56, "value": "3,2"}}, {"model": "sea_core.questionresponse", "pk": 24, "fields": {"survey_response": 3, "direct_indicator_id": 57, "value": "5"}}, {"model": "sea_core.questionresponse", "pk": 25, "fields": {"survey_response": 4, "direct_indicator_id": 30, "value": "100"}}, {"model": "sea_core.questionresponse", "pk": 26, "fields": {"survey_response": 4, "direct_indicator_id": 31, "value": "100"}}, {"model": "sea_core.questionresponse", "pk": 27, "fields": {"survey_response": 4, "direct_indicator_id": 32, "value": "private company"}}, {"model": "sea_core.questionresponse", "pk": 28, "fields": {"survey_response": 4, "direct_indicator_id": 34, "value": "21"}}, {"model": "sea_core.questionresponse", "pk": 29, "fields": {"survey_response": 4, "direct_indicator_id": 35, "value": "53"}}, {"model": "sea_core.questionresponse", "pk": 30, "fields": {"survey_response": 11, "direct_indicator_id": 23, "value": "22"}}, {"model": "sea_core.questionresponse", "pk": 32, "fields": {"survey_response": 11, "direct_indicator_id": 20, "value": "22"}}, {"model": "sea_core.questionresponse", "pk": 34, "fields": {"survey_response": 11, "direct_indicator_id": 21, "value": "22"}}, {"model": "sea_core.questionresponse", "pk": 36, "fields": {"survey_response": 11, "direct_indicator_id": 22, "value": "22"}}, {"model": "sea_core.questionresponse", "pk": 37, "fields": {"survey_response": 11, "direct_indicator_id": 18, "value": "22"}}, {"model": "sea_core.questionresponse", "pk": 38, "fields": {"survey_response": 11, "direct_indicator_id": 16, "value": "22"}}, {"model": "sea_core.questionresponse", "pk": 40, "fields": {"survey_response": 14, "direct_indicator_id": 21, "value": "22"}}, {"model": "sea_core.questionresponse", "pk": 41, "fields": {"survey_response": 14, "direct_indicator_id": 20, "value": "22"}}, {"model": "sea_core.questionresponse", "pk": 42, "fields": {"survey_response": 14, "direct_indicator_id": 29, "value": "option 1"}}, {"model": "sea_core.questionresponse", "pk": 44, "fields": {"survey_response": 14, "direct_indicator_id": 23, "value": "22"}}, {"model": "sea_core.questionresponse", "pk": 45, "fields": {"survey_response": 16, "direct_indicator_id": 30, "value": "22"}}, {"model": "sea_core.questionresponse", "pk": 46, "fields": {"survey_response": 16, "direct_indicator_id": 31, "value": "22"}}, {"model": "sea_core.questionresponse", "pk": 47, "fields": {"survey_response": 16, "direct_indicator_id": 32, "value": "limited company"}}, {"model": "sea_core.questionresponse", "pk": 48, "fields": {"survey_response": 16, "direct_indicator_id": 34, "value": "22"}}, {"model": "sea_core.questionresponse", "pk": 49, "fields": {"survey_response": 16, "direct_indicator_id": 35, "value": "22"}}, {"model": "sea_core.questionresponse", "pk": 50, "fields": {"survey_response": 16, "direct_indicator_id": 36, "value": "22"}}, {"model": "sea_core.questionresponse", "pk": 51, "fields": {"survey_response": 16, "direct_indicator_id": 37, "value": "2"}}, {"model": "sea_core.questionresponse", "pk": 52, "fields": {"survey_response": 16, "direct_indicator_id": 38, "value": "22"}}, {"model": "sea_core.questionresponse", "pk": 53, "fields": {"survey_response": 16, "direct_indicator_id": 45, "value": "22"}}, {"model": "sea_core.questionresponse", "pk": 54, "fields": {"survey_response": 16, "direct_indicator_id": 48, "value": "22"}}, {"model": "sea_core.questionresponse", "pk": 55, "fields": {"survey_response": 16, "direct_indicator_id": 49, "value": "22"}}, {"model": "sea_core.questionresponse", "pk": 56, "fields": {"survey_response": 16, "direct_indicator_id": 54, "value": "22"}}, {"model": "sea_core.questionresponse", "pk": 57, "fields": {"survey_response": 16, "direct_indicator_id": 55, "value": "22"}}, {"model": "sea_core.questionresponse", "pk": 58, "fields": {"survey_response": 16, "direct_indicator_id": 56, "value": "22"}}, {"model": "sea_core.questionresponse", "pk": 59, "fields": {"survey_response": 16, "direct_indicator_id": 57, "value": "22"}}, {"model": "sea_core.questionresponse", "pk": 60, "fields": {"survey_response": 19, "direct_indicator_id": 30, "value": "22"}}, {"model": "sea_core.questionresponse", "pk": 61, "fields": {"survey_response": 19, "direct_indicator_id": 31, "value": "22"}}, {"model": "sea_core.questionresponse", "pk": 62, "fields": {"survey_response": 19, "direct_indicator_id": 32, "value": "workers cooperative"}}, {"model": "sea_core.questionresponse", "pk": 63, "fields": {"survey_response": 19, "direct_indicator_id": 34, "value": "22"}}, {"model": "sea_core.questionresponse", "pk": 64, "fields": {"survey_response": 19, "direct_indicator_id": 35, "value": "22"}}, {"model": "sea_core.questionresponse", "pk": 65, "fields": {"survey_response": 19, "direct_indicator_id": 36, "value": "22"}}, {"model": "sea_core.questionresponse", "pk": 66, "fields": {"survey_response": 19, "direct_indicator_id": 37, "value": "22"}}, {"model": "sea_core.questionresponse", "pk": 67, "fields": {"survey_response": 19, "direct_indicator_id": 38, "value": "22"}}, {"model": "sea_core.questionresponse", "pk": 68, "fields": {"survey_response": 19, "direct_indicator_id": 45, "value": "22"}}, {"model": "sea_core.questionresponse", "pk": 69, "fields": {"survey_response": 19, "direct_indicator_id": 48, "value": "22"}}, {"model": "sea_core.questionresponse", "pk": 70, "fields": {"survey_response": 19, "direct_indicator_id": 49, "value": "22"}}, {"model": "sea_core.questionresponse", "pk": 71, "fields": {"survey_response": 19, "direct_indicator_id": 54, "value": "22"}}, {"model": "sea_core.questionresponse", "pk": 72, "fields": {"survey_response": 19, "direct_indicator_id": 55, "value": "22"}}, {"model": "sea_core.questionresponse", "pk": 73, "fields": {"survey_response": 19, "direct_indicator_id": 56, "value": "22"}}, {"model": "sea_core.questionresponse", "pk": 74, "fields": {"survey_response": 19, "direct_indicator_id": 57, "value": "22"}}, {"model": "sea_core.questionresponse", "pk": 75, "fields": {"survey_response": 19, "direct_indicator_id": 55, "value": "22"}}, {"model": "sea_core.questionresponse", "pk": 76, "fields": {"survey_response": 19, "direct_indicator_id": 56, "value": "22"}}, {"model": "sea_core.questionresponse", "pk": 77, "fields": {"survey_response": 19, "direct_indicator_id": 57, "value": "22"}}, {"model": "sea_core.questionresponse", "pk": 78, "fields": {"survey_response": 21, "direct_indicator_id": 30, "value": "22"}}, {"model": "sea_core.questionresponse", "pk": 79, "fields": {"survey_response": 21, "direct_indicator_id": 31, "value": "22"}}, {"model": "sea_core.questionresponse", "pk": 80, "fields": {"survey_response": 21, "direct_indicator_id": 32, "value": "workers cooperative"}}, {"model": "sea_core.questionresponse", "pk": 81, "fields": {"survey_response": 21, "direct_indicator_id": 34, "value": "22"}}, {"model": "sea_core.questionresponse", "pk": 82, "fields": {"survey_response": 21, "direct_indicator_id": 35, "value": "22"}}, {"model": "sea_core.questionresponse", "pk": 83, "fields": {"survey_response": 21, "direct_indicator_id": 36, "value": "22"}}, {"model": "sea_core.questionresponse", "pk": 84, "fields": {"survey_response": 21, "direct_indicator_id": 37, "value": "22"}}, {"model": "sea_core.questionresponse", "pk": 85, "fields": {"survey_response": 21, "direct_indicator_id": 38, "value": "22"}}, {"model": "sea_core.questionresponse", "pk": 86, "fields": {"survey_response": 21, "direct_indicator_id": 45, "value": "22"}}, {"model": "sea_core.questionresponse", "pk": 87, "fields": {"survey_response": 21, "direct_indicator_id": 48, "value": "22"}}, {"model": "sea_core.questionresponse", "pk": 88, "fields": {"survey_response": 21, "direct_indicator_id": 49, "value": "22"}}, {"model": "sea_core.questionresponse", "pk": 89, "fields": {"survey_response": 21, "direct_indicator_id": 54, "value": "22"}}, {"model": "sea_core.questionresponse", "pk": 90, "fields": {"survey_response": 21, "direct_indicator_id": 55, "value": "22"}}, {"model": "sea_core.questionresponse", "pk": 91, "fields": {"survey_response": 21, "direct_indicator_id": 56, "value": "22"}}, {"model": "sea_core.questionresponse", "pk": 92, "fields": {"survey_response": 21, "direct_indicator_id": 57, "value": "22"}}, {"model": "sea_core.questionresponse", "pk": 93, "fields": {"survey_response": 22, "direct_indicator_id": 30, "value": "22"}}, {"model": "sea_core.questionresponse", "pk": 94, "fields": {"survey_response": 22, "direct_indicator_id": 31, "value": "22"}}, {"model": "sea_core.questionresponse", "pk": 95, "fields": {"survey_response": 22, "direct_indicator_id": 32, "value": "workers cooperative"}}, {"model": "sea_core.questionresponse", "pk": 96, "fields": {"survey_response": 22, "direct_indicator_id": 34, "value": "22"}}, {"model": "sea_core.questionresponse", "pk": 97, "fields": {"survey_response": 22, "direct_indicator_id": 35, "value": "22"}}, {"model": "sea_core.questionresponse", "pk": 98, "fields": {"survey_response": 22, "direct_indicator_id": 36, "value": "22"}}, {"model": "sea_core.questionresponse", "pk": 99, "fields": {"survey_response": 22, "direct_indicator_id": 37, "value": "22"}}, {"model": "sea_core.questionresponse", "pk": 100, "fields": {"survey_response": 22, "direct_indicator_id": 38, "value": "22"}}, {"model": "sea_core.questionresponse", "pk": 101, "fields": {"survey_response": 22, "direct_indicator_id": 45, "value": "22"}}, {"model": "sea_core.questionresponse", "pk": 102, "fields": {"survey_response": 22, "direct_indicator_id": 48, "value": "22"}}, {"model": "sea_core.questionresponse", "pk": 103, "fields": {"survey_response": 22, "direct_indicator_id": 49, "value": "22"}}, {"model": "sea_core.questionresponse", "pk": 104, "fields": {"survey_response": 22, "direct_indicator_id": 54, "value": "22"}}, {"model": "sea_core.questionresponse", "pk": 105, "fields": {"survey_response": 22, "direct_indicator_id": 55, "value": "22"}}, {"model": "sea_core.questionresponse", "pk": 106, "fields": {"survey_response": 22, "direct_indicator_id": 56, "value": "22"}}, {"model": "sea_core.questionresponse", "pk": 107, "fields": {"survey_response": 22, "direct_indicator_id": 57, "value": "22"}}, {"model": "sea_core.questionresponse", "pk": 108, "fields": {"survey_response": 23, "direct_indicator_id": 30, "value": "22"}}, {"model": "sea_core.questionresponse", "pk": 109, "fields": {"survey_response": 23, "direct_indicator_id": 31, "value": "22"}}, {"model": "sea_core.questionresponse", "pk": 110, "fields": {"survey_response": 23, "direct_indicator_id": 32, "value": "workers cooperative"}}, {"model": "sea_core.questionresponse", "pk": 111, "fields": {"survey_response": 23, "direct_indicator_id": 34, "value": "22"}}, {"model": "sea_core.questionresponse", "pk": 112, "fields": {"survey_response": 23, "direct_indicator_id": 35, "value": "22"}}, {"model": "sea_core.questionresponse", "pk": 113, "fields": {"survey_response": 23, "direct_indicator_id": 36, "value": "22"}}, {"model": "sea_core.questionresponse", "pk": 114, "fields": {"survey_response": 23, "direct_indicator_id": 37, "value": "22"}}, {"model": "sea_core.questionresponse", "pk": 115, "fields": {"survey_response": 23, "direct_indicator_id": 38, "value": "22"}}, {"model": "sea_core.questionresponse", "pk": 116, "fields": {"survey_response": 23, "direct_indicator_id": 45, "value": "22"}}, {"model": "sea_core.questionresponse", "pk": 117, "fields": {"survey_response": 23, "direct_indicator_id": 48, "value": "22"}}, {"model": "sea_core.questionresponse", "pk": 118, "fields": {"survey_response": 23, "direct_indicator_id": 49, "value": "22"}}, {"model": "sea_core.questionresponse", "pk": 119, "fields": {"survey_response": 23, "direct_indicator_id": 54, "value": "22"}}, {"model": "sea_core.questionresponse", "pk": 120, "fields": {"survey_response": 23, "direct_indicator_id": 55, "value": "22"}}, {"model": "sea_core.questionresponse", "pk": 121, "fields": {"survey_response": 23, "direct_indicator_id": 56, "value": "22"}}, {"model": "sea_core.questionresponse", "pk": 122, "fields": {"survey_response": 23, "direct_indicator_id": 57, "value": "22"}}, {"model": "sea_core.questionresponse", "pk": 123, "fields": {"survey_response": 28, "direct_indicator_id": 32, "value": "workers cooperative"}}, {"model": "sea_core.questionresponse", "pk": 124, "fields": {"survey_response": 32, "direct_indicator_id": 30, "value": "22"}}, {"model": "sea_core.questionresponse", "pk": 125, "fields": {"survey_response": 32, "direct_indicator_id": 31, "value": "22"}}, {"model": "sea_core.questionresponse", "pk": 126, "fields": {"survey_response": 32, "direct_indicator_id": 32, "value": "limited company"}}, {"model": "sea_core.questionresponse", "pk": 127, "fields": {"survey_response": 32, "direct_indicator_id": 34, "value": "22"}}, {"model": "sea_core.questionresponse", "pk": 128, "fields": {"survey_response": 32, "direct_indicator_id": 35, "value": "22"}}, {"model": "sea_core.questionresponse", "pk": 129, "fields": {"survey_response": 32, "direct_indicator_id": 36, "value": "22"}}, {"model": "sea_core.questionresponse", "pk": 130, "fields": {"survey_response": 32, "direct_indicator_id": 37, "value": "22"}}, {"model": "sea_core.questionresponse", "pk": 131, "fields": {"survey_response": 32, "direct_indicator_id": 38, "value": "22"}}, {"model": "sea_core.questionresponse", "pk": 132, "fields": {"survey_response": 32, "direct_indicator_id": 45, "value": "22"}}, {"model": "sea_core.questionresponse", "pk": 133, "fields": {"survey_response": 32, "direct_indicator_id": 48, "value": "2"}}, {"model": "sea_core.questionresponse", "pk": 134, "fields": {"survey_response": 32, "direct_indicator_id": 49, "value": "2"}}, {"model": "sea_core.questionresponse", "pk": 135, "fields": {"survey_response": 32, "direct_indicator_id": 54, "value": "2"}}, {"model": "sea_core.questionresponse", "pk": 136, "fields": {"survey_response": 32, "direct_indicator_id": 55, "value": "2"}}, {"model": "sea_core.questionresponse", "pk": 137, "fields": {"survey_response": 32, "direct_indicator_id": 56, "value": "5"}}, {"model": "sea_core.questionresponse", "pk": 138, "fields": {"survey_response": 32, "direct_indicator_id": 57, "value": "22"}}, {"model": "sea_core.questionresponse", "pk": 139, "fields": {"survey_response": 36, "direct_indicator_id": 30, "value": "2"}}, {"model": "sea_core.questionresponse", "pk": 140, "fields": {"survey_response": 36, "direct_indicator_id": 31, "value": "2"}}, {"model": "sea_core.questionresponse", "pk": 141, "fields": {"survey_response": 36, "direct_indicator_id": 32, "value": "workers cooperative"}}, {"model": "sea_core.questionresponse", "pk": 142, "fields": {"survey_response": 36, "direct_indicator_id": 35, "value": "2"}}, {"model": "sea_core.questionresponse", "pk": 143, "fields": {"survey_response": 36, "direct_indicator_id": 34, "value": "2"}}, {"model": "sea_core.questionresponse", "pk": 144, "fields": {"survey_response": 36, "direct_indicator_id": 36, "value": "2"}}, {"model": "sea_core.questionresponse", "pk": 145, "fields": {"survey_response": 36, "direct_indicator_id": 37, "value": "2"}}, {"model": "sea_core.questionresponse", "pk": 146, "fields": {"survey_response": 36, "direct_indicator_id": 38, "value": "2"}}, {"model": "sea_core.questionresponse", "pk": 147, "fields": {"survey_response": 36, "direct_indicator_id": 45, "value": "2"}}, {"model": "sea_core.questionresponse", "pk": 148, "fields": {"survey_response": 36, "direct_indicator_id": 48, "value": "2"}}, {"model": "sea_core.questionresponse", "pk": 149, "fields": {"survey_response": 36, "direct_indicator_id": 49, "value": "2"}}, {"model": "sea_core.questionresponse", "pk": 150, "fields": {"survey_response": 36, "direct_indicator_id": 54, "value": "2"}}, {"model": "sea_core.questionresponse", "pk": 151, "fields": {"survey_response": 36, "direct_indicator_id": 55, "value": "2"}}, {"model": "sea_core.questionresponse", "pk": 152, "fields": {"survey_response": 36, "direct_indicator_id": 56, "value": "3,5,6"}}, {"model": "sea_core.questionresponse", "pk": 153, "fields": {"survey_response": 36, "direct_indicator_id": 57, "value": "2"}}, {"model": "sea_core.questionresponse", "pk": 154, "fields": {"survey_response": 37, "direct_indicator_id": 66, "value": "4"}}, {"model": "sea_core.questionresponse", "pk": 155, "fields": {"survey_response": 37, "direct_indicator_id": 67, "value": "3"}}, {"model": "auth.permission", "pk": 1, "fields": {"name": "Can add log entry", "content_type": 1, "codename": "add_logentry"}}, {"model": "auth.permission", "pk": 2, "fields": {"name": "Can change log entry", "content_type": 1, "codename": "change_logentry"}}, {"model": "auth.permission", "pk": 3, "fields": {"name": "Can delete log entry", "content_type": 1, "codename": "delete_logentry"}}, {"model": "auth.permission", "pk": 4, "fields": {"name": "Can view log entry", "content_type": 1, "codename": "view_logentry"}}, {"model": "auth.permission", "pk": 5, "fields": {"name": "Can add permission", "content_type": 2, "codename": "add_permission"}}, {"model": "auth.permission", "pk": 6, "fields": {"name": "Can change permission", "content_type": 2, "codename": "change_permission"}}, {"model": "auth.permission", "pk": 7, "fields": {"name": "Can delete permission", "content_type": 2, "codename": "delete_permission"}}, {"model": "auth.permission", "pk": 8, "fields": {"name": "Can view permission", "content_type": 2, "codename": "view_permission"}}, {"model": "auth.permission", "pk": 9, "fields": {"name": "Can add group", "content_type": 3, "codename": "add_group"}}, {"model": "auth.permission", "pk": 10, "fields": {"name": "Can change group", "content_type": 3, "codename": "change_group"}}, {"model": "auth.permission", "pk": 11, "fields": {"name": "Can delete group", "content_type": 3, "codename": "delete_group"}}, {"model": "auth.permission", "pk": 12, "fields": {"name": "Can view group", "content_type": 3, "codename": "view_group"}}, {"model": "auth.permission", "pk": 13, "fields": {"name": "Can add content type", "content_type": 4, "codename": "add_contenttype"}}, {"model": "auth.permission", "pk": 14, "fields": {"name": "Can change content type", "content_type": 4, "codename": "change_contenttype"}}, {"model": "auth.permission", "pk": 15, "fields": {"name": "Can delete content type", "content_type": 4, "codename": "delete_contenttype"}}, {"model": "auth.permission", "pk": 16, "fields": {"name": "Can view content type", "content_type": 4, "codename": "view_contenttype"}}, {"model": "auth.permission", "pk": 17, "fields": {"name": "Can add session", "content_type": 5, "codename": "add_session"}}, {"model": "auth.permission", "pk": 18, "fields": {"name": "Can change session", "content_type": 5, "codename": "change_session"}}, {"model": "auth.permission", "pk": 19, "fields": {"name": "Can delete session", "content_type": 5, "codename": "delete_session"}}, {"model": "auth.permission", "pk": 20, "fields": {"name": "Can view session", "content_type": 5, "codename": "view_session"}}, {"model": "auth.permission", "pk": 21, "fields": {"name": "Can add user", "content_type": 6, "codename": "add_user"}}, {"model": "auth.permission", "pk": 22, "fields": {"name": "Can change user", "content_type": 6, "codename": "change_user"}}, {"model": "auth.permission", "pk": 23, "fields": {"name": "Can delete user", "content_type": 6, "codename": "delete_user"}}, {"model": "auth.permission", "pk": 24, "fields": {"name": "Can view user", "content_type": 6, "codename": "view_user"}}, {"model": "auth.permission", "pk": 25, "fields": {"name": "Can add direct_indicator", "content_type": 7, "codename": "add_directindicator"}}, {"model": "auth.permission", "pk": 26, "fields": {"name": "Can change direct_indicator", "content_type": 7, "codename": "change_directindicator"}}, {"model": "auth.permission", "pk": 27, "fields": {"name": "Can delete direct_indicator", "content_type": 7, "codename": "delete_directindicator"}}, {"model": "auth.permission", "pk": 28, "fields": {"name": "Can view direct_indicator", "content_type": 7, "codename": "view_directindicator"}}, {"model": "auth.permission", "pk": 29, "fields": {"name": "Can add method", "content_type": 8, "codename": "add_method"}}, {"model": "auth.permission", "pk": 30, "fields": {"name": "Can change method", "content_type": 8, "codename": "change_method"}}, {"model": "auth.permission", "pk": 31, "fields": {"name": "Can delete method", "content_type": 8, "codename": "delete_method"}}, {"model": "auth.permission", "pk": 32, "fields": {"name": "Can view method", "content_type": 8, "codename": "view_method"}}, {"model": "auth.permission", "pk": 33, "fields": {"name": "Can add organization", "content_type": 9, "codename": "add_organization"}}, {"model": "auth.permission", "pk": 34, "fields": {"name": "Can change organization", "content_type": 9, "codename": "change_organization"}}, {"model": "auth.permission", "pk": 35, "fields": {"name": "Can delete organization", "content_type": 9, "codename": "delete_organization"}}, {"model": "auth.permission", "pk": 36, "fields": {"name": "Can view organization", "content_type": 9, "codename": "view_organization"}}, {"model": "auth.permission", "pk": 37, "fields": {"name": "Can add question", "content_type": 10, "codename": "add_question"}}, {"model": "auth.permission", "pk": 38, "fields": {"name": "Can change question", "content_type": 10, "codename": "change_question"}}, {"model": "auth.permission", "pk": 39, "fields": {"name": "Can delete question", "content_type": 10, "codename": "delete_question"}}, {"model": "auth.permission", "pk": 40, "fields": {"name": "Can view question", "content_type": 10, "codename": "view_question"}}, {"model": "auth.permission", "pk": 41, "fields": {"name": "Can add user organization", "content_type": 11, "codename": "add_userorganization"}}, {"model": "auth.permission", "pk": 42, "fields": {"name": "Can change user organization", "content_type": 11, "codename": "change_userorganization"}}, {"model": "auth.permission", "pk": 43, "fields": {"name": "Can delete user organization", "content_type": 11, "codename": "delete_userorganization"}}, {"model": "auth.permission", "pk": 44, "fields": {"name": "Can view user organization", "content_type": 11, "codename": "view_userorganization"}}, {"model": "auth.permission", "pk": 45, "fields": {"name": "Can add topic", "content_type": 12, "codename": "add_topic"}}, {"model": "auth.permission", "pk": 46, "fields": {"name": "Can change topic", "content_type": 12, "codename": "change_topic"}}, {"model": "auth.permission", "pk": 47, "fields": {"name": "Can delete topic", "content_type": 12, "codename": "delete_topic"}}, {"model": "auth.permission", "pk": 48, "fields": {"name": "Can view topic", "content_type": 12, "codename": "view_topic"}}, {"model": "auth.permission", "pk": 49, "fields": {"name": "Can add question option", "content_type": 13, "codename": "add_questionoption"}}, {"model": "auth.permission", "pk": 50, "fields": {"name": "Can change question option", "content_type": 13, "codename": "change_questionoption"}}, {"model": "auth.permission", "pk": 51, "fields": {"name": "Can delete question option", "content_type": 13, "codename": "delete_questionoption"}}, {"model": "auth.permission", "pk": 52, "fields": {"name": "Can view question option", "content_type": 13, "codename": "view_questionoption"}}, {"model": "auth.permission", "pk": 53, "fields": {"name": "Can add indirect indicator", "content_type": 14, "codename": "add_indirectindicator"}}, {"model": "auth.permission", "pk": 54, "fields": {"name": "Can change indirect indicator", "content_type": 14, "codename": "change_indirectindicator"}}, {"model": "auth.permission", "pk": 55, "fields": {"name": "Can delete indirect indicator", "content_type": 14, "codename": "delete_indirectindicator"}}, {"model": "auth.permission", "pk": 56, "fields": {"name": "Can view indirect indicator", "content_type": 14, "codename": "view_indirectindicator"}}, {"model": "auth.permission", "pk": 57, "fields": {"name": "Can add stakeholder_group", "content_type": 15, "codename": "add_stakeholdergroup"}}, {"model": "auth.permission", "pk": 58, "fields": {"name": "Can change stakeholder_group", "content_type": 15, "codename": "change_stakeholdergroup"}}, {"model": "auth.permission", "pk": 59, "fields": {"name": "Can delete stakeholder_group", "content_type": 15, "codename": "delete_stakeholdergroup"}}, {"model": "auth.permission", "pk": 60, "fields": {"name": "Can view stakeholder_group", "content_type": 15, "codename": "view_stakeholdergroup"}}, {"model": "auth.permission", "pk": 61, "fields": {"name": "Can add survey", "content_type": 16, "codename": "add_survey"}}, {"model": "auth.permission", "pk": 62, "fields": {"name": "Can change survey", "content_type": 16, "codename": "change_survey"}}, {"model": "auth.permission", "pk": 63, "fields": {"name": "Can delete survey", "content_type": 16, "codename": "delete_survey"}}, {"model": "auth.permission", "pk": 64, "fields": {"name": "Can view survey", "content_type": 16, "codename": "view_survey"}}, {"model": "auth.permission", "pk": 65, "fields": {"name": "Can add survey_response", "content_type": 17, "codename": "add_surveyresponse"}}, {"model": "auth.permission", "pk": 66, "fields": {"name": "Can change survey_response", "content_type": 17, "codename": "change_surveyresponse"}}, {"model": "auth.permission", "pk": 67, "fields": {"name": "Can delete survey_response", "content_type": 17, "codename": "delete_surveyresponse"}}, {"model": "auth.permission", "pk": 68, "fields": {"name": "Can view survey_response", "content_type": 17, "codename": "view_surveyresponse"}}, {"model": "auth.permission", "pk": 69, "fields": {"name": "Can add question_response", "content_type": 18, "codename": "add_questionresponse"}}, {"model": "auth.permission", "pk": 70, "fields": {"name": "Can change question_response", "content_type": 18, "codename": "change_questionresponse"}}, {"model": "auth.permission", "pk": 71, "fields": {"name": "Can delete question_response", "content_type": 18, "codename": "delete_questionresponse"}}, {"model": "auth.permission", "pk": 72, "fields": {"name": "Can view question_response", "content_type": 18, "codename": "view_questionresponse"}}, {"model": "auth.permission", "pk": 73, "fields": {"name": "Can add Token", "content_type": 19, "codename": "add_token"}}, {"model": "auth.permission", "pk": 74, "fields": {"name": "Can change Token", "content_type": 19, "codename": "change_token"}}, {"model": "auth.permission", "pk": 75, "fields": {"name": "Can delete Token", "content_type": 19, "codename": "delete_token"}}, {"model": "auth.permission", "pk": 76, "fields": {"name": "Can view Token", "content_type": 19, "codename": "view_token"}}, {"model": "sea_core.user", "pk": 1, "fields": {"password": "pbkdf2_sha256$150000$KRhaJ7Nfltgu$xcuO9KU14jXpGc0sK5AtCygu57k9vQS2AM6pdtfD6bQ=", "last_login": "2020-06-15T09:38:14.761Z", "is_superuser": false, "is_staff": false, "is_active": true, "date_joined": "2020-03-05T14:29:33.774Z", "email": "test@test.test", "first_name": "test", "last_name_prefix": "", "last_name": "test", "registered_on": "2020-03-05T14:29:33.774Z", "groups": [], "user_permissions": []}}, {"model": "sea_core.user", "pk": 2, "fields": {"password": "pbkdf2_sha256$150000$KRhaJ7Nfltgu$xcuO9KU14jXpGc0sK5AtCygu57k9vQS2AM6pdtfD6bQ=", "last_login": "2020-03-05T14:30:28.300Z", "is_superuser": false, "is_staff": false, "is_active": true, "date_joined": "2020-03-05T14:29:33.775Z", "email": "tjeerd@competa.com", "first_name": "Tjeerd", "last_name_prefix": "", "last_name": "Verschagen", "registered_on": "2020-03-05T14:29:33.775Z", "groups": [], "user_permissions": []}}, {"model": "sea_core.user", "pk": 3, "fields": {"password": "pbkdf2_sha256$150000$KRhaJ7Nfltgu$xcuO9KU14jXpGc0sK5AtCygu57k9vQS2AM6pdtfD6bQ=", "last_login": null, "is_superuser": false, "is_staff": false, "is_active": true, "date_joined": "2020-03-05T14:29:33.776Z", "email": "danny@competa.com", "first_name": "Danny", "last_name_prefix": "van der", "last_name": "Wel", "registered_on": "2020-03-05T14:29:33.776Z", "groups": [], "user_permissions": []}}, {"model": "sea_core.user", "pk": 4, "fields": {"password": "pbkdf2_sha256$150000$KRhaJ7Nfltgu$xcuO9KU14jXpGc0sK5AtCygu57k9vQS2AM6pdtfD6bQ=", "last_login": null, "is_superuser": false, "is_staff": false, "is_active": true, "date_joined": "2020-03-05T14:29:33.776Z", "email": "giovanni@competa.com", "first_name": "Giovanni", "last_name_prefix": "", "last_name": "Schroevers", "registered_on": "2020-03-05T14:29:33.776Z", "groups": [], "user_permissions": []}}, {"model": "sea_core.userorganization", "pk": 1, "fields": {"user": 1, "organization": 2}}, {"model": "sea_core.userorganization", "pk": 2, "fields": {"user": 2, "organization": 2}}, {"model": "sea_core.userorganization", "pk": 3, "fields": {"user": 3, "organization": 1}}, {"model": "sea_core.userorganization", "pk": 4, "fields": {"user": 4, "organization": 1}}, {"model": "sea_core.userorganization", "pk": 5, "fields": {"user": 1, "organization": 1}}, {"model": "sea_core.userorganization", "pk": 6, "fields": {"user": 1, "organization": 4}}]