[
    {
        "model": "core.respondent",
        "pk": 100,
        "fields": {
            "organisation": 7,
            "email": "OHAwNz@gmail.com",
            "first_name": "jGqHj",
            "last_name_prefix": "",
            "last_name": "ZOnQQROQ"
        }
    },
    {
        "model": "core.surveyresponse",
        "pk": 100,
        "fields": {
            "survey": 7,
            "esea_account": 6,
            "respondent": 100,
            "token": "SMAmmzLmed",
            "finished": true
        }
    },
    {
        "model": "core.questionresponse",
        "pk": 100,
        "fields": {
            "survey_response": 100,
            "question": 43,
            "direct_indicator_id": 45,
            "value": 7,
            "values": []
        }
    },
    {
        "model": "core.questionresponse",
        "pk": 101,
        "fields": {
            "survey_response": 100,
            "question": 44,
            "direct_indicator_id": 46,
            "value": 4,
            "values": []
        }
    },
    {
        "model": "core.questionresponse",
        "pk": 102,
        "fields": {
            "survey_response": 100,
            "question": 47,
            "direct_indicator_id": 49,
            "value": 31,
            "values": []
        }
    },
    {
        "model": "core.questionresponse",
        "pk": 103,
        "fields": {
            "survey_response": 100,
            "question": 48,
            "direct_indicator_id": 50,
            "value": 17,
            "values": []
        }
    },
    {
        "model": "core.questionresponse",
        "pk": 104,
        "fields": {
            "survey_response": 100,
            "question": 49,
            "direct_indicator_id": 47,
            "value": 16300,
            "values": []
        }
    },
    {
        "model": "core.questionresponse",
        "pk": 105,
        "fields": {
            "survey_response": 100,
            "question": 50,
            "direct_indicator_id": 48,
            "value": 4,
            "values": []
        }
    },
    {
        "model": "core.questionresponse",
        "pk": 106,
        "fields": {
            "survey_response": 100,
            "question": 51,
            "direct_indicator_id": 51,
            "value": 1,
            "values": []
        }
    },
    {
        "model": "core.respondent",
        "pk": 101,
        "fields": {
            "organisation": 7,
            "email": "HJUwYV@gmail.com",
            "first_name": "ihgXb",
            "last_name_prefix": "",
            "last_name": "hXrtclXa"
        }
    },
    {
        "model": "core.surveyresponse",
        "pk": 101,
        "fields": {
            "survey": 7,
            "esea_account": 6,
            "respondent": 101,
            "token": "zmghGdxMCl",
            "finished": true
        }
    },
    {
        "model": "core.questionresponse",
        "pk": 107,
        "fields": {
            "survey_response": 101,
            "question": 43,
            "direct_indicator_id": 45,
            "value": 1,
            "values": []
        }
    },
    {
        "model": "core.questionresponse",
        "pk": 108,
        "fields": {
            "survey_response": 101,
            "question": 44,
            "direct_indicator_id": 46,
            "value": 3,
            "values": []
        }
    },
    {
        "model": "core.questionresponse",
        "pk": 109,
        "fields": {
            "survey_response": 101,
            "question": 47,
            "direct_indicator_id": 49,
            "value": 29,
            "values": []
        }
    },
    {
        "model": "core.questionresponse",
        "pk": 110,
        "fields": {
            "survey_response": 101,
            "question": 48,
            "direct_indicator_id": 50,
            "value": 15,
            "values": []
        }
    },
    {
        "model": "core.questionresponse",
        "pk": 111,
        "fields": {
            "survey_response": 101,
            "question": 49,
            "direct_indicator_id": 47,
            "value": 117600,
            "values": []
        }
    },
    {
        "model": "core.questionresponse",
        "pk": 112,
        "fields": {
            "survey_response": 101,
            "question": 50,
            "direct_indicator_id": 48,
            "value": 6,
            "values": []
        }
    },
    {
        "model": "core.questionresponse",
        "pk": 113,
        "fields": {
            "survey_response": 101,
            "question": 51,
            "direct_indicator_id": 51,
            "value": 10,
            "values": []
        }
    },
    {
        "model": "core.respondent",
        "pk": 102,
        "fields": {
            "organisation": 7,
            "email": "OVVOuR@gmail.com",
            "first_name": "VzXAi",
            "last_name_prefix": "",
            "last_name": "AhqPIjmr"
        }
    },
    {
        "model": "core.surveyresponse",
        "pk": 102,
        "fields": {
            "survey": 7,
            "esea_account": 6,
            "respondent": 102,
            "token": "NJOVlHEiTT",
            "finished": true
        }
    },
    {
        "model": "core.questionresponse",
        "pk": 114,
        "fields": {
            "survey_response": 102,
            "question": 43,
            "direct_indicator_id": 45,
            "value": 9,
            "values": []
        }
    },
    {
        "model": "core.questionresponse",
        "pk": 115,
        "fields": {
            "survey_response": 102,
            "question": 44,
            "direct_indicator_id": 46,
            "value": 7,
            "values": []
        }
    },
    {
        "model": "core.questionresponse",
        "pk": 116,
        "fields": {
            "survey_response": 102,
            "question": 47,
            "direct_indicator_id": 49,
            "value": 30,
            "values": []
        }
    },
    {
        "model": "core.questionresponse",
        "pk": 117,
        "fields": {
            "survey_response": 102,
            "question": 48,
            "direct_indicator_id": 50,
            "value": 35,
            "values": []
        }
    },
    {
        "model": "core.questionresponse",
        "pk": 118,
        "fields": {
            "survey_response": 102,
            "question": 49,
            "direct_indicator_id": 47,
            "value": 93500,
            "values": []
        }
    },
    {
        "model": "core.questionresponse",
        "pk": 119,
        "fields": {
            "survey_response": 102,
            "question": 50,
            "direct_indicator_id": 48,
            "value": 2,
            "values": []
        }
    },
    {
        "model": "core.questionresponse",
        "pk": 120,
        "fields": {
            "survey_response": 102,
            "question": 51,
            "direct_indicator_id": 51,
            "value": 7,
            "values": []
        }
    },
    {
        "model": "core.respondent",
        "pk": 103,
        "fields": {
            "organisation": 7,
            "email": "euConB@gmail.com",
            "first_name": "QVoiQ",
            "last_name_prefix": "",
            "last_name": "QgaNkntX"
        }
    },
    {
        "model": "core.surveyresponse",
        "pk": 103,
        "fields": {
            "survey": 7,
            "esea_account": 6,
            "respondent": 103,
            "token": "xPhvWEIlSZ",
            "finished": true
        }
    },
    {
        "model": "core.questionresponse",
        "pk": 121,
        "fields": {
            "survey_response": 103,
            "question": 43,
            "direct_indicator_id": 45,
            "value": 7,
            "values": []
        }
    },
    {
        "model": "core.questionresponse",
        "pk": 122,
        "fields": {
            "survey_response": 103,
            "question": 44,
            "direct_indicator_id": 46,
            "value": 2,
            "values": []
        }
    },
    {
        "model": "core.questionresponse",
        "pk": 123,
        "fields": {
            "survey_response": 103,
            "question": 47,
            "direct_indicator_id": 49,
            "value": 48,
            "values": []
        }
    },
    {
        "model": "core.questionresponse",
        "pk": 124,
        "fields": {
            "survey_response": 103,
            "question": 48,
            "direct_indicator_id": 50,
            "value": 18,
            "values": []
        }
    },
    {
        "model": "core.questionresponse",
        "pk": 125,
        "fields": {
            "survey_response": 103,
            "question": 49,
            "direct_indicator_id": 47,
            "value": 54600,
            "values": []
        }
    },
    {
        "model": "core.questionresponse",
        "pk": 126,
        "fields": {
            "survey_response": 103,
            "question": 50,
            "direct_indicator_id": 48,
            "value": 2,
            "values": []
        }
    },
    {
        "model": "core.questionresponse",
        "pk": 127,
        "fields": {
            "survey_response": 103,
            "question": 51,
            "direct_indicator_id": 51,
            "value": 3,
            "values": []
        }
    },
    {
        "model": "core.respondent",
        "pk": 104,
        "fields": {
            "organisation": 7,
            "email": "KYzMnh@gmail.com",
            "first_name": "xMinJ",
            "last_name_prefix": "",
            "last_name": "njaBcsPF"
        }
    },
    {
        "model": "core.surveyresponse",
        "pk": 104,
        "fields": {
            "survey": 7,
            "esea_account": 6,
            "respondent": 104,
            "token": "ZkPxmWgdRj",
            "finished": true
        }
    },
    {
        "model": "core.questionresponse",
        "pk": 128,
        "fields": {
            "survey_response": 104,
            "question": 43,
            "direct_indicator_id": 45,
            "value": 3,
            "values": []
        }
    },
    {
        "model": "core.questionresponse",
        "pk": 129,
        "fields": {
            "survey_response": 104,
            "question": 44,
            "direct_indicator_id": 46,
            "value": 10,
            "values": []
        }
    },
    {
        "model": "core.questionresponse",
        "pk": 130,
        "fields": {
            "survey_response": 104,
            "question": 47,
            "direct_indicator_id": 49,
            "value": 54,
            "values": []
        }
    },
    {
        "model": "core.questionresponse",
        "pk": 131,
        "fields": {
            "survey_response": 104,
            "question": 48,
            "direct_indicator_id": 50,
            "value": 15,
            "values": []
        }
    },
    {
        "model": "core.questionresponse",
        "pk": 132,
        "fields": {
            "survey_response": 104,
            "question": 49,
            "direct_indicator_id": 47,
            "value": 34500,
            "values": []
        }
    },
    {
        "model": "core.questionresponse",
        "pk": 133,
        "fields": {
            "survey_response": 104,
            "question": 50,
            "direct_indicator_id": 48,
            "value": 5,
            "values": []
        }
    },
    {
        "model": "core.questionresponse",
        "pk": 134,
        "fields": {
            "survey_response": 104,
            "question": 51,
            "direct_indicator_id": 51,
            "value": 8,
            "values": []
        }
    },
    {
        "model": "core.respondent",
        "pk": 105,
        "fields": {
            "organisation": 7,
            "email": "uLarqt@gmail.com",
            "first_name": "RqHFw",
            "last_name_prefix": "",
            "last_name": "RiRwSQCl"
        }
    },
    {
        "model": "core.surveyresponse",
        "pk": 105,
        "fields": {
            "survey": 7,
            "esea_account": 6,
            "respondent": 105,
            "token": "kDqKnxVWpg",
            "finished": true
        }
    },
    {
        "model": "core.questionresponse",
        "pk": 135,
        "fields": {
            "survey_response": 105,
            "question": 43,
            "direct_indicator_id": 45,
            "value": 10,
            "values": []
        }
    },
    {
        "model": "core.questionresponse",
        "pk": 136,
        "fields": {
            "survey_response": 105,
            "question": 44,
            "direct_indicator_id": 46,
            "value": 8,
            "values": []
        }
    },
    {
        "model": "core.questionresponse",
        "pk": 137,
        "fields": {
            "survey_response": 105,
            "question": 47,
            "direct_indicator_id": 49,
            "value": 50,
            "values": []
        }
    },
    {
        "model": "core.questionresponse",
        "pk": 138,
        "fields": {
            "survey_response": 105,
            "question": 48,
            "direct_indicator_id": 50,
            "value": 21,
            "values": []
        }
    },
    {
        "model": "core.questionresponse",
        "pk": 139,
        "fields": {
            "survey_response": 105,
            "question": 49,
            "direct_indicator_id": 47,
            "value": 88500,
            "values": []
        }
    },
    {
        "model": "core.questionresponse",
        "pk": 140,
        "fields": {
            "survey_response": 105,
            "question": 50,
            "direct_indicator_id": 48,
            "value": 1,
            "values": []
        }
    },
    {
        "model": "core.questionresponse",
        "pk": 141,
        "fields": {
            "survey_response": 105,
            "question": 51,
            "direct_indicator_id": 51,
            "value": 4,
            "values": []
        }
    },
    {
        "model": "core.respondent",
        "pk": 106,
        "fields": {
            "organisation": 7,
            "email": "yLspjO@gmail.com",
            "first_name": "RKxnc",
            "last_name_prefix": "",
            "last_name": "inIXhEVq"
        }
    },
    {
        "model": "core.surveyresponse",
        "pk": 106,
        "fields": {
            "survey": 7,
            "esea_account": 6,
            "respondent": 106,
            "token": "qTlWpSwBRJ",
            "finished": true
        }
    },
    {
        "model": "core.questionresponse",
        "pk": 142,
        "fields": {
            "survey_response": 106,
            "question": 43,
            "direct_indicator_id": 45,
            "value": 1,
            "values": []
        }
    },
    {
        "model": "core.questionresponse",
        "pk": 143,
        "fields": {
            "survey_response": 106,
            "question": 44,
            "direct_indicator_id": 46,
            "value": 7,
            "values": []
        }
    },
    {
        "model": "core.questionresponse",
        "pk": 144,
        "fields": {
            "survey_response": 106,
            "question": 47,
            "direct_indicator_id": 49,
            "value": 56,
            "values": []
        }
    },
    {
        "model": "core.questionresponse",
        "pk": 145,
        "fields": {
            "survey_response": 106,
            "question": 48,
            "direct_indicator_id": 50,
            "value": 26,
            "values": []
        }
    },
    {
        "model": "core.questionresponse",
        "pk": 146,
        "fields": {
            "survey_response": 106,
            "question": 49,
            "direct_indicator_id": 47,
            "value": 46300,
            "values": []
        }
    },
    {
        "model": "core.questionresponse",
        "pk": 147,
        "fields": {
            "survey_response": 106,
            "question": 50,
            "direct_indicator_id": 48,
            "value": 3,
            "values": []
        }
    },
    {
        "model": "core.questionresponse",
        "pk": 148,
        "fields": {
            "survey_response": 106,
            "question": 51,
            "direct_indicator_id": 51,
            "value": 9,
            "values": []
        }
    },
    {
        "model": "core.respondent",
        "pk": 107,
        "fields": {
            "organisation": 7,
            "email": "IdkKTo@gmail.com",
            "first_name": "saIwB",
            "last_name_prefix": "",
            "last_name": "EeLngnch"
        }
    },
    {
        "model": "core.surveyresponse",
        "pk": 107,
        "fields": {
            "survey": 7,
            "esea_account": 6,
            "respondent": 107,
            "token": "OkSfBfUxgd",
            "finished": true
        }
    },
    {
        "model": "core.questionresponse",
        "pk": 149,
        "fields": {
            "survey_response": 107,
            "question": 43,
            "direct_indicator_id": 45,
            "value": 4,
            "values": []
        }
    },
    {
        "model": "core.questionresponse",
        "pk": 150,
        "fields": {
            "survey_response": 107,
            "question": 44,
            "direct_indicator_id": 46,
            "value": 7,
            "values": []
        }
    },
    {
        "model": "core.questionresponse",
        "pk": 151,
        "fields": {
            "survey_response": 107,
            "question": 47,
            "direct_indicator_id": 49,
            "value": 45,
            "values": []
        }
    },
    {
        "model": "core.questionresponse",
        "pk": 152,
        "fields": {
            "survey_response": 107,
            "question": 48,
            "direct_indicator_id": 50,
            "value": 15,
            "values": []
        }
    },
    {
        "model": "core.questionresponse",
        "pk": 153,
        "fields": {
            "survey_response": 107,
            "question": 49,
            "direct_indicator_id": 47,
            "value": 45400,
            "values": []
        }
    },
    {
        "model": "core.questionresponse",
        "pk": 154,
        "fields": {
            "survey_response": 107,
            "question": 50,
            "direct_indicator_id": 48,
            "value": 10,
            "values": []
        }
    },
    {
        "model": "core.questionresponse",
        "pk": 155,
        "fields": {
            "survey_response": 107,
            "question": 51,
            "direct_indicator_id": 51,
            "value": 2,
            "values": []
        }
    },
    {
        "model": "core.respondent",
        "pk": 108,
        "fields": {
            "organisation": 7,
            "email": "OHEVvQ@gmail.com",
            "first_name": "QRfnW",
            "last_name_prefix": "",
            "last_name": "dTanKHoo"
        }
    },
    {
        "model": "core.surveyresponse",
        "pk": 108,
        "fields": {
            "survey": 7,
            "esea_account": 6,
            "respondent": 108,
            "token": "WxvsMvduLz",
            "finished": true
        }
    },
    {
        "model": "core.questionresponse",
        "pk": 156,
        "fields": {
            "survey_response": 108,
            "question": 43,
            "direct_indicator_id": 45,
            "value": 1,
            "values": []
        }
    },
    {
        "model": "core.questionresponse",
        "pk": 157,
        "fields": {
            "survey_response": 108,
            "question": 44,
            "direct_indicator_id": 46,
            "value": 7,
            "values": []
        }
    },
    {
        "model": "core.questionresponse",
        "pk": 158,
        "fields": {
            "survey_response": 108,
            "question": 47,
            "direct_indicator_id": 49,
            "value": 67,
            "values": []
        }
    },
    {
        "model": "core.questionresponse",
        "pk": 159,
        "fields": {
            "survey_response": 108,
            "question": 48,
            "direct_indicator_id": 50,
            "value": 3,
            "values": []
        }
    },
    {
        "model": "core.questionresponse",
        "pk": 160,
        "fields": {
            "survey_response": 108,
            "question": 49,
            "direct_indicator_id": 47,
            "value": 41600,
            "values": []
        }
    },
    {
        "model": "core.questionresponse",
        "pk": 161,
        "fields": {
            "survey_response": 108,
            "question": 50,
            "direct_indicator_id": 48,
            "value": 3,
            "values": []
        }
    },
    {
        "model": "core.questionresponse",
        "pk": 162,
        "fields": {
            "survey_response": 108,
            "question": 51,
            "direct_indicator_id": 51,
            "value": 2,
            "values": []
        }
    },
    {
        "model": "core.respondent",
        "pk": 109,
        "fields": {
            "organisation": 7,
            "email": "VSuBjR@gmail.com",
            "first_name": "sUyZv",
            "last_name_prefix": "",
            "last_name": "SSgpLKSE"
        }
    },
    {
        "model": "core.surveyresponse",
        "pk": 109,
        "fields": {
            "survey": 7,
            "esea_account": 6,
            "respondent": 109,
            "token": "LrpprXFnkR",
            "finished": true
        }
    },
    {
        "model": "core.questionresponse",
        "pk": 163,
        "fields": {
            "survey_response": 109,
            "question": 43,
            "direct_indicator_id": 45,
            "value": 1,
            "values": []
        }
    },
    {
        "model": "core.questionresponse",
        "pk": 164,
        "fields": {
            "survey_response": 109,
            "question": 44,
            "direct_indicator_id": 46,
            "value": 7,
            "values": []
        }
    },
    {
        "model": "core.questionresponse",
        "pk": 165,
        "fields": {
            "survey_response": 109,
            "question": 47,
            "direct_indicator_id": 49,
            "value": 23,
            "values": []
        }
    },
    {
        "model": "core.questionresponse",
        "pk": 166,
        "fields": {
            "survey_response": 109,
            "question": 48,
            "direct_indicator_id": 50,
            "value": 13,
            "values": []
        }
    },
    {
        "model": "core.questionresponse",
        "pk": 167,
        "fields": {
            "survey_response": 109,
            "question": 49,
            "direct_indicator_id": 47,
            "value": 58500,
            "values": []
        }
    },
    {
        "model": "core.questionresponse",
        "pk": 168,
        "fields": {
            "survey_response": 109,
            "question": 50,
            "direct_indicator_id": 48,
            "value": 9,
            "values": []
        }
    },
    {
        "model": "core.questionresponse",
        "pk": 169,
        "fields": {
            "survey_response": 109,
            "question": 51,
            "direct_indicator_id": 51,
            "value": 6,
            "values": []
        }
    },
    {
        "model": "core.respondent",
        "pk": 110,
        "fields": {
            "organisation": 7,
            "email": "QbyrVd@gmail.com",
            "first_name": "AgVtV",
            "last_name_prefix": "",
            "last_name": "dcljvTrw"
        }
    },
    {
        "model": "core.surveyresponse",
        "pk": 110,
        "fields": {
            "survey": 7,
            "esea_account": 6,
            "respondent": 110,
            "token": "gxiOagdCbW",
            "finished": true
        }
    },
    {
        "model": "core.questionresponse",
        "pk": 170,
        "fields": {
            "survey_response": 110,
            "question": 43,
            "direct_indicator_id": 45,
            "value": 6,
            "values": []
        }
    },
    {
        "model": "core.questionresponse",
        "pk": 171,
        "fields": {
            "survey_response": 110,
            "question": 44,
            "direct_indicator_id": 46,
            "value": 6,
            "values": []
        }
    },
    {
        "model": "core.questionresponse",
        "pk": 172,
        "fields": {
            "survey_response": 110,
            "question": 47,
            "direct_indicator_id": 49,
            "value": 62,
            "values": []
        }
    },
    {
        "model": "core.questionresponse",
        "pk": 173,
        "fields": {
            "survey_response": 110,
            "question": 48,
            "direct_indicator_id": 50,
            "value": 4,
            "values": []
        }
    },
    {
        "model": "core.questionresponse",
        "pk": 174,
        "fields": {
            "survey_response": 110,
            "question": 49,
            "direct_indicator_id": 47,
            "value": 87300,
            "values": []
        }
    },
    {
        "model": "core.questionresponse",
        "pk": 175,
        "fields": {
            "survey_response": 110,
            "question": 50,
            "direct_indicator_id": 48,
            "value": 10,
            "values": []
        }
    },
    {
        "model": "core.questionresponse",
        "pk": 176,
        "fields": {
            "survey_response": 110,
            "question": 51,
            "direct_indicator_id": 51,
            "value": 10,
            "values": []
        }
    },
    {
        "model": "core.respondent",
        "pk": 111,
        "fields": {
            "organisation": 7,
            "email": "QfJrlE@gmail.com",
            "first_name": "ORZEk",
            "last_name_prefix": "",
            "last_name": "ppDMYUks"
        }
    },
    {
        "model": "core.surveyresponse",
        "pk": 111,
        "fields": {
            "survey": 7,
            "esea_account": 6,
            "respondent": 111,
            "token": "uVavyZYtqV",
            "finished": true
        }
    },
    {
        "model": "core.questionresponse",
        "pk": 177,
        "fields": {
            "survey_response": 111,
            "question": 43,
            "direct_indicator_id": 45,
            "value": 9,
            "values": []
        }
    },
    {
        "model": "core.questionresponse",
        "pk": 178,
        "fields": {
            "survey_response": 111,
            "question": 44,
            "direct_indicator_id": 46,
            "value": 7,
            "values": []
        }
    },
    {
        "model": "core.questionresponse",
        "pk": 179,
        "fields": {
            "survey_response": 111,
            "question": 47,
            "direct_indicator_id": 49,
            "value": 18,
            "values": []
        }
    },
    {
        "model": "core.questionresponse",
        "pk": 180,
        "fields": {
            "survey_response": 111,
            "question": 48,
            "direct_indicator_id": 50,
            "value": 19,
            "values": []
        }
    },
    {
        "model": "core.questionresponse",
        "pk": 181,
        "fields": {
            "survey_response": 111,
            "question": 49,
            "direct_indicator_id": 47,
            "value": 50600,
            "values": []
        }
    },
    {
        "model": "core.questionresponse",
        "pk": 182,
        "fields": {
            "survey_response": 111,
            "question": 50,
            "direct_indicator_id": 48,
            "value": 7,
            "values": []
        }
    },
    {
        "model": "core.questionresponse",
        "pk": 183,
        "fields": {
            "survey_response": 111,
            "question": 51,
            "direct_indicator_id": 51,
            "value": 6,
            "values": []
        }
    },
    {
        "model": "core.respondent",
        "pk": 112,
        "fields": {
            "organisation": 7,
            "email": "uGrcTf@gmail.com",
            "first_name": "oNErQ",
            "last_name_prefix": "",
            "last_name": "UWufFJWg"
        }
    },
    {
        "model": "core.surveyresponse",
        "pk": 112,
        "fields": {
            "survey": 7,
            "esea_account": 6,
            "respondent": 112,
            "token": "XmilqFMLZI",
            "finished": true
        }
    },
    {
        "model": "core.questionresponse",
        "pk": 184,
        "fields": {
            "survey_response": 112,
            "question": 43,
            "direct_indicator_id": 45,
            "value": 5,
            "values": []
        }
    },
    {
        "model": "core.questionresponse",
        "pk": 185,
        "fields": {
            "survey_response": 112,
            "question": 44,
            "direct_indicator_id": 46,
            "value": 9,
            "values": []
        }
    },
    {
        "model": "core.questionresponse",
        "pk": 186,
        "fields": {
            "survey_response": 112,
            "question": 47,
            "direct_indicator_id": 49,
            "value": 63,
            "values": []
        }
    },
    {
        "model": "core.questionresponse",
        "pk": 187,
        "fields": {
            "survey_response": 112,
            "question": 48,
            "direct_indicator_id": 50,
            "value": 29,
            "values": []
        }
    },
    {
        "model": "core.questionresponse",
        "pk": 188,
        "fields": {
            "survey_response": 112,
            "question": 49,
            "direct_indicator_id": 47,
            "value": 107100,
            "values": []
        }
    },
    {
        "model": "core.questionresponse",
        "pk": 189,
        "fields": {
            "survey_response": 112,
            "question": 50,
            "direct_indicator_id": 48,
            "value": 6,
            "values": []
        }
    },
    {
        "model": "core.questionresponse",
        "pk": 190,
        "fields": {
            "survey_response": 112,
            "question": 51,
            "direct_indicator_id": 51,
            "value": 9,
            "values": []
        }
    },
    {
        "model": "core.respondent",
        "pk": 113,
        "fields": {
            "organisation": 7,
            "email": "XkHnjQ@gmail.com",
            "first_name": "YSImI",
            "last_name_prefix": "",
            "last_name": "aDhWaHYu"
        }
    },
    {
        "model": "core.surveyresponse",
        "pk": 113,
        "fields": {
            "survey": 7,
            "esea_account": 6,
            "respondent": 113,
            "token": "VgrodnxMsp",
            "finished": true
        }
    },
    {
        "model": "core.questionresponse",
        "pk": 191,
        "fields": {
            "survey_response": 113,
            "question": 43,
            "direct_indicator_id": 45,
            "value": 3,
            "values": []
        }
    },
    {
        "model": "core.questionresponse",
        "pk": 192,
        "fields": {
            "survey_response": 113,
            "question": 44,
            "direct_indicator_id": 46,
            "value": 8,
            "values": []
        }
    },
    {
        "model": "core.questionresponse",
        "pk": 193,
        "fields": {
            "survey_response": 113,
            "question": 47,
            "direct_indicator_id": 49,
            "value": 36,
            "values": []
        }
    },
    {
        "model": "core.questionresponse",
        "pk": 194,
        "fields": {
            "survey_response": 113,
            "question": 48,
            "direct_indicator_id": 50,
            "value": 27,
            "values": []
        }
    },
    {
        "model": "core.questionresponse",
        "pk": 195,
        "fields": {
            "survey_response": 113,
            "question": 49,
            "direct_indicator_id": 47,
            "value": 94800,
            "values": []
        }
    },
    {
        "model": "core.questionresponse",
        "pk": 196,
        "fields": {
            "survey_response": 113,
            "question": 50,
            "direct_indicator_id": 48,
            "value": 1,
            "values": []
        }
    },
    {
        "model": "core.questionresponse",
        "pk": 197,
        "fields": {
            "survey_response": 113,
            "question": 51,
            "direct_indicator_id": 51,
            "value": 9,
            "values": []
        }
    },
    {
        "model": "core.respondent",
        "pk": 114,
        "fields": {
            "organisation": 7,
            "email": "qoSbYd@gmail.com",
            "first_name": "GIDRi",
            "last_name_prefix": "",
            "last_name": "IEtnCNFB"
        }
    },
    {
        "model": "core.surveyresponse",
        "pk": 114,
        "fields": {
            "survey": 7,
            "esea_account": 6,
            "respondent": 114,
            "token": "fSAtrmfLkg",
            "finished": true
        }
    },
    {
        "model": "core.questionresponse",
        "pk": 198,
        "fields": {
            "survey_response": 114,
            "question": 43,
            "direct_indicator_id": 45,
            "value": 2,
            "values": []
        }
    },
    {
        "model": "core.questionresponse",
        "pk": 199,
        "fields": {
            "survey_response": 114,
            "question": 44,
            "direct_indicator_id": 46,
            "value": 1,
            "values": []
        }
    },
    {
        "model": "core.questionresponse",
        "pk": 200,
        "fields": {
            "survey_response": 114,
            "question": 47,
            "direct_indicator_id": 49,
            "value": 28,
            "values": []
        }
    },
    {
        "model": "core.questionresponse",
        "pk": 201,
        "fields": {
            "survey_response": 114,
            "question": 48,
            "direct_indicator_id": 50,
            "value": 23,
            "values": []
        }
    },
    {
        "model": "core.questionresponse",
        "pk": 202,
        "fields": {
            "survey_response": 114,
            "question": 49,
            "direct_indicator_id": 47,
            "value": 81300,
            "values": []
        }
    },
    {
        "model": "core.questionresponse",
        "pk": 203,
        "fields": {
            "survey_response": 114,
            "question": 50,
            "direct_indicator_id": 48,
            "value": 5,
            "values": []
        }
    },
    {
        "model": "core.questionresponse",
        "pk": 204,
        "fields": {
            "survey_response": 114,
            "question": 51,
            "direct_indicator_id": 51,
            "value": 2,
            "values": []
        }
    },
    {
        "model": "core.respondent",
        "pk": 115,
        "fields": {
            "organisation": 7,
            "email": "NTHqAn@gmail.com",
            "first_name": "yoHvE",
            "last_name_prefix": "",
            "last_name": "rELIHWlq"
        }
    },
    {
        "model": "core.surveyresponse",
        "pk": 115,
        "fields": {
            "survey": 7,
            "esea_account": 6,
            "respondent": 115,
            "token": "XNTwlRNWXD",
            "finished": true
        }
    },
    {
        "model": "core.questionresponse",
        "pk": 205,
        "fields": {
            "survey_response": 115,
            "question": 43,
            "direct_indicator_id": 45,
            "value": 4,
            "values": []
        }
    },
    {
        "model": "core.questionresponse",
        "pk": 206,
        "fields": {
            "survey_response": 115,
            "question": 44,
            "direct_indicator_id": 46,
            "value": 5,
            "values": []
        }
    },
    {
        "model": "core.questionresponse",
        "pk": 207,
        "fields": {
            "survey_response": 115,
            "question": 47,
            "direct_indicator_id": 49,
            "value": 25,
            "values": []
        }
    },
    {
        "model": "core.questionresponse",
        "pk": 208,
        "fields": {
            "survey_response": 115,
            "question": 48,
            "direct_indicator_id": 50,
            "value": 9,
            "values": []
        }
    },
    {
        "model": "core.questionresponse",
        "pk": 209,
        "fields": {
            "survey_response": 115,
            "question": 49,
            "direct_indicator_id": 47,
            "value": 108400,
            "values": []
        }
    },
    {
        "model": "core.questionresponse",
        "pk": 210,
        "fields": {
            "survey_response": 115,
            "question": 50,
            "direct_indicator_id": 48,
            "value": 3,
            "values": []
        }
    },
    {
        "model": "core.questionresponse",
        "pk": 211,
        "fields": {
            "survey_response": 115,
            "question": 51,
            "direct_indicator_id": 51,
            "value": 6,
            "values": []
        }
    },
    {
        "model": "core.respondent",
        "pk": 116,
        "fields": {
            "organisation": 7,
            "email": "yuMwrH@gmail.com",
            "first_name": "JjZTJ",
            "last_name_prefix": "",
            "last_name": "VCKWeQpd"
        }
    },
    {
        "model": "core.surveyresponse",
        "pk": 116,
        "fields": {
            "survey": 7,
            "esea_account": 6,
            "respondent": 116,
            "token": "EpfapQwFaW",
            "finished": true
        }
    },
    {
        "model": "core.questionresponse",
        "pk": 212,
        "fields": {
            "survey_response": 116,
            "question": 43,
            "direct_indicator_id": 45,
            "value": 10,
            "values": []
        }
    },
    {
        "model": "core.questionresponse",
        "pk": 213,
        "fields": {
            "survey_response": 116,
            "question": 44,
            "direct_indicator_id": 46,
            "value": 9,
            "values": []
        }
    },
    {
        "model": "core.questionresponse",
        "pk": 214,
        "fields": {
            "survey_response": 116,
            "question": 47,
            "direct_indicator_id": 49,
            "value": 62,
            "values": []
        }
    },
    {
        "model": "core.questionresponse",
        "pk": 215,
        "fields": {
            "survey_response": 116,
            "question": 48,
            "direct_indicator_id": 50,
            "value": 15,
            "values": []
        }
    },
    {
        "model": "core.questionresponse",
        "pk": 216,
        "fields": {
            "survey_response": 116,
            "question": 49,
            "direct_indicator_id": 47,
            "value": 73500,
            "values": []
        }
    },
    {
        "model": "core.questionresponse",
        "pk": 217,
        "fields": {
            "survey_response": 116,
            "question": 50,
            "direct_indicator_id": 48,
            "value": 9,
            "values": []
        }
    },
    {
        "model": "core.questionresponse",
        "pk": 218,
        "fields": {
            "survey_response": 116,
            "question": 51,
            "direct_indicator_id": 51,
            "value": 7,
            "values": []
        }
    },
    {
        "model": "core.respondent",
        "pk": 117,
        "fields": {
            "organisation": 7,
            "email": "zgFmns@gmail.com",
            "first_name": "tsRRl",
            "last_name_prefix": "",
            "last_name": "IgYhJzNb"
        }
    },
    {
        "model": "core.surveyresponse",
        "pk": 117,
        "fields": {
            "survey": 7,
            "esea_account": 6,
            "respondent": 117,
            "token": "jZQhLjuWNp",
            "finished": true
        }
    },
    {
        "model": "core.questionresponse",
        "pk": 219,
        "fields": {
            "survey_response": 117,
            "question": 43,
            "direct_indicator_id": 45,
            "value": 1,
            "values": []
        }
    },
    {
        "model": "core.questionresponse",
        "pk": 220,
        "fields": {
            "survey_response": 117,
            "question": 44,
            "direct_indicator_id": 46,
            "value": 5,
            "values": []
        }
    },
    {
        "model": "core.questionresponse",
        "pk": 221,
        "fields": {
            "survey_response": 117,
            "question": 47,
            "direct_indicator_id": 49,
            "value": 38,
            "values": []
        }
    },
    {
        "model": "core.questionresponse",
        "pk": 222,
        "fields": {
            "survey_response": 117,
            "question": 48,
            "direct_indicator_id": 50,
            "value": 35,
            "values": []
        }
    },
    {
        "model": "core.questionresponse",
        "pk": 223,
        "fields": {
            "survey_response": 117,
            "question": 49,
            "direct_indicator_id": 47,
            "value": 69000,
            "values": []
        }
    },
    {
        "model": "core.questionresponse",
        "pk": 224,
        "fields": {
            "survey_response": 117,
            "question": 50,
            "direct_indicator_id": 48,
            "value": 2,
            "values": []
        }
    },
    {
        "model": "core.questionresponse",
        "pk": 225,
        "fields": {
            "survey_response": 117,
            "question": 51,
            "direct_indicator_id": 51,
            "value": 8,
            "values": []
        }
    },
    {
        "model": "core.respondent",
        "pk": 118,
        "fields": {
            "organisation": 7,
            "email": "tYSPOP@gmail.com",
            "first_name": "TrmvW",
            "last_name_prefix": "",
            "last_name": "kZNrprmB"
        }
    },
    {
        "model": "core.surveyresponse",
        "pk": 118,
        "fields": {
            "survey": 7,
            "esea_account": 6,
            "respondent": 118,
            "token": "habrYLmreA",
            "finished": true
        }
    },
    {
        "model": "core.questionresponse",
        "pk": 226,
        "fields": {
            "survey_response": 118,
            "question": 43,
            "direct_indicator_id": 45,
            "value": 4,
            "values": []
        }
    },
    {
        "model": "core.questionresponse",
        "pk": 227,
        "fields": {
            "survey_response": 118,
            "question": 44,
            "direct_indicator_id": 46,
            "value": 5,
            "values": []
        }
    },
    {
        "model": "core.questionresponse",
        "pk": 228,
        "fields": {
            "survey_response": 118,
            "question": 47,
            "direct_indicator_id": 49,
            "value": 21,
            "values": []
        }
    },
    {
        "model": "core.questionresponse",
        "pk": 229,
        "fields": {
            "survey_response": 118,
            "question": 48,
            "direct_indicator_id": 50,
            "value": 0,
            "values": []
        }
    },
    {
        "model": "core.questionresponse",
        "pk": 230,
        "fields": {
            "survey_response": 118,
            "question": 49,
            "direct_indicator_id": 47,
            "value": 10100,
            "values": []
        }
    },
    {
        "model": "core.questionresponse",
        "pk": 231,
        "fields": {
            "survey_response": 118,
            "question": 50,
            "direct_indicator_id": 48,
            "value": 9,
            "values": []
        }
    },
    {
        "model": "core.questionresponse",
        "pk": 232,
        "fields": {
            "survey_response": 118,
            "question": 51,
            "direct_indicator_id": 51,
            "value": 7,
            "values": []
        }
    },
    {
        "model": "core.respondent",
        "pk": 119,
        "fields": {
            "organisation": 7,
            "email": "IdRlgV@gmail.com",
            "first_name": "SODfD",
            "last_name_prefix": "",
            "last_name": "bNMSMOep"
        }
    },
    {
        "model": "core.surveyresponse",
        "pk": 119,
        "fields": {
            "survey": 7,
            "esea_account": 6,
            "respondent": 119,
            "token": "fdsZZjhzJh",
            "finished": true
        }
    },
    {
        "model": "core.questionresponse",
        "pk": 233,
        "fields": {
            "survey_response": 119,
            "question": 43,
            "direct_indicator_id": 45,
            "value": 8,
            "values": []
        }
    },
    {
        "model": "core.questionresponse",
        "pk": 234,
        "fields": {
            "survey_response": 119,
            "question": 44,
            "direct_indicator_id": 46,
            "value": 9,
            "values": []
        }
    },
    {
        "model": "core.questionresponse",
        "pk": 235,
        "fields": {
            "survey_response": 119,
            "question": 47,
            "direct_indicator_id": 49,
            "value": 52,
            "values": []
        }
    },
    {
        "model": "core.questionresponse",
        "pk": 236,
        "fields": {
            "survey_response": 119,
            "question": 48,
            "direct_indicator_id": 50,
            "value": 29,
            "values": []
        }
    },
    {
        "model": "core.questionresponse",
        "pk": 237,
        "fields": {
            "survey_response": 119,
            "question": 49,
            "direct_indicator_id": 47,
            "value": 55900,
            "values": []
        }
    },
    {
        "model": "core.questionresponse",
        "pk": 238,
        "fields": {
            "survey_response": 119,
            "question": 50,
            "direct_indicator_id": 48,
            "value": 4,
            "values": []
        }
    },
    {
        "model": "core.questionresponse",
        "pk": 239,
        "fields": {
            "survey_response": 119,
            "question": 51,
            "direct_indicator_id": 51,
            "value": 4,
            "values": []
        }
    }
]