[
{
    "model": "core.customuser",
    "pk": 1,
    "fields": {
        "password": "pbkdf2_sha256$216000$3cQaV2ZoTzRh$Ll5YWsJQ25/h20k0e9zPmyIRTsF93naa046DvWsvtBo=",
        "last_login": "2021-11-02T14:01:59.738Z",
        "is_superuser": true,
        "is_staff": true,
        "is_active": true,
        "date_joined": "2021-10-18T13:44:44.245Z",
        "username": "admin",
        "email": "admin@localhost.com",
        "image": "user/avatar-default.png",
        "first_name": "",
        "last_name_prefix": "",
        "last_name": "",
        "groups": [],
        "user_permissions": []
    }
},
{
    "model": "core.customuser",
    "pk": 2,
    "fields": {
        "password": "pbkdf2_sha256$216000$dIPIsMoSsilI$msL6kZboSdE9rIN6Vjt9v+IkbFjBJHOzI6nuj8N+iwg=",
        "last_login": null,
        "is_superuser": false,
        "is_staff": false,
        "is_active": true,
        "date_joined": "2021-10-18T14:55:33Z",
        "username": "SergioEspana",
        "email": "SergioEspana@localhost.com",
        "image": "user/avatar-default.png",
        "first_name": "Sergio",
        "last_name_prefix": "",
        "last_name": "Espana",
        "groups": [],
        "user_permissions": []
    }
},
{
    "model": "core.customuser",
    "pk": 3,
    "fields": {
        "password": "pbkdf2_sha256$216000$SO7Weix5sRDv$+6Zz/TYJrwQwcwKAtkIbQSdWq6RDa6IT2eB4vYaPaGk=",
        "last_login": null,
        "is_superuser": false,
        "is_staff": false,
        "is_active": true,
        "date_joined": "2021-10-18T14:56:36Z",
        "username": "VijantiRamautar",
        "email": "VijantiRamautar@localhost.com",
        "image": "user/avatar-default.png",
        "first_name": "Vijanti",
        "last_name_prefix": "",
        "last_name": "Ramautar",
        "groups": [],
        "user_permissions": []
    }
},
{
    "model": "core.customuser",
    "pk": 4,
    "fields": {
        "password": "pbkdf2_sha256$216000$eMMwJt85QBj9$2RfPc4MgIMQFJPhHUxg+gQWtUidOjBuqpn7iL0soqEU=",
        "last_login": null,
        "is_superuser": false,
        "is_staff": false,
        "is_active": true,
        "date_joined": "2021-10-18T14:59:03Z",
        "username": "TiesVanDijk",
        "email": "TiesVanDijk@localhost.com",
        "image": "user/avatar-default.png",
        "first_name": "Ties",
        "last_name_prefix": "van",
        "last_name": "Dijk",
        "groups": [],
        "user_permissions": []
    }
},
{
    "model": "core.customuser",
    "pk": 5,
    "fields": {
        "password": "pbkdf2_sha256$216000$DvTM87nzOKfx$v5zqfTjhV0oCOvi2HRPYyUg5zl9afQgJyWxjmZDNM64=",
        "last_login": null,
        "is_superuser": false,
        "is_staff": false,
        "is_active": true,
        "date_joined": "2021-10-18T14:59:52Z",
        "username": "ArturMoeijes",
        "email": "ArturMoeijes@localhost.com",
        "image": "user/avatar-default.png",
        "first_name": "Artur",
        "last_name_prefix": "",
        "last_name": "Moeijes",
        "groups": [],
        "user_permissions": []
    }
},
{
    "model": "core.customuser",
    "pk": 6,
    "fields": {
        "password": "pbkdf2_sha256$216000$6bhhCuTZ6lQj$SfT8DoknjbMfEGaDktulDEM5c3+EC3NSmIpAIBPFVrU=",
        "last_login": null,
        "is_superuser": false,
        "is_staff": false,
        "is_active": true,
        "date_joined": "2021-10-18T15:00:38Z",
        "username": "DiederikVanRijen",
        "email": "DiederikVanRijen@localhost.com",
        "image": "user/avatar-default.png",
        "first_name": "Diederik",
        "last_name_prefix": "van",
        "last_name": "Rijen",
        "groups": [],
        "user_permissions": []
    }
},
{
    "model": "core.networkmember",
    "pk": 1,
    "fields": {
        "network": 1,
        "user": 2,
        "invitation": "accepted",
        "role": 2
    }
},
{
    "model": "core.networkmember",
    "pk": 2,
    "fields": {
        "network": 2,
        "user": 3,
        "invitation": "accepted",
        "role": 2
    }
},
{
    "model": "core.networkmember",
    "pk": 3,
    "fields": {
        "network": 3,
        "user": 4,
        "invitation": "accepted",
        "role": 2
    }
},
{
    "model": "core.network",
    "pk": 1,
    "fields": {
        "owner": 2,
        "created_by": 1,
        "ispublic": true,
        "name": "EMAS",
        "description": "The EU Eco-Management and Audit Scheme (EMAS) is a premium management instrument developed by the European Commission for companies and other organisations to evaluate, report, and improve their environmental performance. EMAS is open to every type of organisation eager to improve its environmental performance. It spans all economic and service sectors and is applicable worldwide.",
        "image": "network/sustainability-circle.png",
        "organisations": [
            1,
            4,
            6
        ],
        "methods": []
    }
},
{
    "model": "core.network",
    "pk": 2,
    "fields": {
        "owner": 3,
        "created_by": 1,
        "ispublic": true,
        "name": "B Corporations",
        "description": "Certified B Corporations are a new kind of business that balances purpose and profit. They are legally required to consider the impact of their decisions on their workers, customers, suppliers, community, and the environment.",
        "image": "network/sustainability-circle.png",
        "organisations": [
            4,
            6,
            7
        ],
        "methods": [
            2,
            3
        ]
    }
},
{
    "model": "core.network",
    "pk": 3,
    "fields": {
        "owner": 4,
        "created_by": 1,
        "ispublic": true,
        "name": "CSR Europe",
        "description": "CSR Europe is the European Business Network for Corporate Sustainability and Responsibility. We support businesses & industry sectors in their transformation.",
        "image": "network/sustainability-circle.png",
        "organisations": [
            1,
            6
        ],
        "methods": []
    }
},
{
    "model": "core.organisationmember",
    "pk": 1,
    "fields": {
        "organisation": 1,
        "user": 1,
        "invitation": "accepted",
        "role": 3
    }
},
{
    "model": "core.organisationmember",
    "pk": 2,
    "fields": {
        "organisation": 3,
        "user": 2,
        "invitation": "accepted",
        "role": 1
    }
},
{
    "model": "core.organisationmember",
    "pk": 3,
    "fields": {
        "organisation": 4,
        "user": 2,
        "invitation": "accepted",
        "role": 2
    }
},
{
    "model": "core.organisationmember",
    "pk": 4,
    "fields": {
        "organisation": 5,
        "user": 3,
        "invitation": "accepted",
        "role": 3
    }
},
{
    "model": "core.organisationmember",
    "pk": 5,
    "fields": {
        "organisation": 6,
        "user": 4,
        "invitation": "accepted",
        "role": 3
    }
},
{
    "model": "core.organisationmember",
    "pk": 6,
    "fields": {
        "organisation": 7,
        "user": 5,
        "invitation": "accepted",
        "role": 3
    }
},
{
    "model": "core.organisationmember",
    "pk": 7,
    "fields": {
        "organisation": 8,
        "user": 6,
        "invitation": "accepted",
        "role": 3
    }
},
{
    "model": "core.organisationmember",
    "pk": 8,
    "fields": {
        "organisation": 3,
        "user": 1,
        "invitation": "pending",
        "role": 3
    }
},
{
    "model": "core.organisationmember",
    "pk": 9,
    "fields": {
        "organisation": 9,
        "user": 1,
        "invitation": "accepted",
        "role": 3
    }
},
{
    "model": "core.organisationmember",
    "pk": 10,
    "fields": {
        "organisation": 1,
        "user": 2,
        "invitation": "pending",
        "role": 2
    }
},
{
    "model": "core.organisationmember",
    "pk": 11,
    "fields": {
        "organisation": 4,
        "user": 1,
        "invitation": "pending",
        "role": 3
    }
},
{
    "model": "core.organisation",
    "pk": 1,
    "fields": {
        "owner": 1,
        "created_by": 1,
        "ispublic": true,
        "name": "Shell",
        "description": "Shell is a non-profit humanitarian organisation that is located in the UK and Netherlands that provides work in less developed countries.",
        "image": "organisation/sustainability-circle.png"
    }
},
{
    "model": "core.organisation",
    "pk": 3,
    "fields": {
        "owner": 1,
        "created_by": 2,
        "ispublic": true,
        "name": "Tony's Chocolonely",
        "description": "Tony's Chocolonely is a Dutch confectionery company founded in 2005 which produces and sells chocolate.",
        "image": "organisation/sustainability-circle.png"
    }
},
{
    "model": "core.organisation",
    "pk": 4,
    "fields": {
        "owner": 1,
        "created_by": 2,
        "ispublic": true,
        "name": "Ben & Jerry's",
        "description": "Ben & Jerry's Homemade Holdings Inc. trading and commonly known as Ben & Jerry's, is a Vermont-based company that manufactures ice cream and frozen yogurt.",
        "image": "organisation/sustainability-circle.png"
    }
},
{
    "model": "core.organisation",
    "pk": 5,
    "fields": {
        "owner": 3,
        "created_by": 3,
        "ispublic": true,
        "name": "Patagonia",
        "description": "Patagonia is a designer of outdoor clothing and gear for the silent sports: climbing, surfing, skiing and snowboarding, fly fishing, and trail running.",
        "image": "organisation/sustainability-circle.png"
    }
},
{
    "model": "core.organisation",
    "pk": 6,
    "fields": {
        "owner": 4,
        "created_by": 4,
        "ispublic": true,
        "name": "Triodos",
        "description": "Triodos is a sustainable bank with eye on the future.",
        "image": "organisation/sustainability-circle.png"
    }
},
{
    "model": "core.organisation",
    "pk": 7,
    "fields": {
        "owner": 5,
        "created_by": 5,
        "ispublic": true,
        "name": "Greyston Bakery",
        "description": "Greyston Bakery is a world-class commercial operation, producing 40,000 pounds of award-winning brownies daily for customers such as Ben & Jerry's and Whole Foods Market.",
        "image": "organisation/sustainability-circle.png"
    }
},
{
    "model": "core.organisation",
    "pk": 8,
    "fields": {
        "owner": 6,
        "created_by": 6,
        "ispublic": true,
        "name": "Superwomen",
        "description": "Project Superwomen was founded as a collaboration of a social service provider, a nonprofit employment-training center, and a non-profit shelter provider for female domestic violence victims.",
        "image": "organisation/sustainability-circle.png"
    }
},
{
    "model": "core.organisation",
    "pk": 9,
    "fields": {
        "owner": 1,
        "created_by": 1,
        "ispublic": true,
        "name": "organisation 1",
        "description": "",
        "image": "organisation/sustainability-circle.png"
    }
},
{
    "model": "core.membership",
    "pk": 3,
    "fields": {
        "network": 1,
        "organisation": 5,
        "join_date": null,
        "status": "pending",
        "requester": "network"
    }
},
{
    "model": "core.membership",
    "pk": 8,
    "fields": {
        "network": 2,
        "organisation": 5,
        "join_date": null,
        "status": "pending",
        "requester": "network"
    }
},
{
    "model": "core.membership",
    "pk": 12,
    "fields": {
        "network": 3,
        "organisation": 3,
        "join_date": null,
        "status": "pending",
        "requester": "network"
    }
},
{
    "model": "core.membership",
    "pk": 13,
    "fields": {
        "network": 2,
        "organisation": 1,
        "join_date": null,
        "status": "pending",
        "requester": "organisation"
    }
},
{
    "model": "core.membership",
    "pk": 14,
    "fields": {
        "network": 1,
        "organisation": 3,
        "join_date": null,
        "status": "pending",
        "requester": "organisation"
    }
},
{
    "model": "core.membership",
    "pk": 15,
    "fields": {
        "network": 1,
        "organisation": 7,
        "join_date": null,
        "status": "pending",
        "requester": "organisation"
    }
},
{
    "model": "core.membership",
    "pk": 16,
    "fields": {
        "network": 1,
        "organisation": 8,
        "join_date": null,
        "status": "pending",
        "requester": "organisation"
    }
},
{
    "model": "core.membership",
    "pk": 17,
    "fields": {
        "network": 2,
        "organisation": 8,
        "join_date": null,
        "status": "pending",
        "requester": "organisation"
    }
},
{
    "model": "core.membership",
    "pk": 18,
    "fields": {
        "network": 2,
        "organisation": 3,
        "join_date": null,
        "status": "pending",
        "requester": "organisation"
    }
},
{
    "model": "core.respondent",
    "pk": 1,
    "fields": {
        "organisation": 4,
        "email": "accountant@mail.com",
        "first_name": "Accountant",
        "last_name_prefix": "",
        "last_name": "of Ben & Jerry's"
    }
},
{
    "model": "core.respondent",
    "pk": 2,
    "fields": {
        "organisation": 6,
        "email": "accountant@mail.com",
        "first_name": "Accountant",
        "last_name_prefix": "",
        "last_name": "of Triodos"
    }
},
{
    "model": "core.respondent",
    "pk": 4,
    "fields": {
        "organisation": 4,
        "email": "accountant@mail.com",
        "first_name": "Accountant",
        "last_name_prefix": "",
        "last_name": "of Ben & Jerry's"
    }
},
{
    "model": "core.respondent",
    "pk": 5,
    "fields": {
        "organisation": 6,
        "email": "accountant@mail.com",
        "first_name": "Accountant",
        "last_name_prefix": "",
        "last_name": "of Triodos"
    }
},
{
    "model": "core.respondent",
    "pk": 22,
    "fields": {
        "organisation": 1,
        "email": "accountant@mail.com",
        "first_name": "Accountant",
        "last_name_prefix": "",
        "last_name": "of Shell"
    }
},
{
    "model": "core.respondent",
    "pk": 48,
    "fields": {
        "organisation": 4,
        "email": "dpettersen20@oracle.com",
        "first_name": "Dara2",
        "last_name_prefix": "",
        "last_name": "Pettersen2"
    }
},
{
    "model": "core.respondent",
    "pk": 100,
    "fields": {
        "organisation": 7,
        "email": "cjcIMH@gmail.com",
        "first_name": "Yddzw",
        "last_name_prefix": "",
        "last_name": "zEZhDDlZ"
    }
},
{
    "model": "core.respondent",
    "pk": 101,
    "fields": {
        "organisation": 7,
        "email": "HfvIdg@gmail.com",
        "first_name": "roHDC",
        "last_name_prefix": "",
        "last_name": "CwJCWxjn"
    }
},
{
    "model": "core.respondent",
    "pk": 102,
    "fields": {
        "organisation": 7,
        "email": "RphUHb@gmail.com",
        "first_name": "Opbdd",
        "last_name_prefix": "",
        "last_name": "BgJgeMbU"
    }
},
{
    "model": "core.respondent",
    "pk": 103,
    "fields": {
        "organisation": 7,
        "email": "xBpbdr@gmail.com",
        "first_name": "kzIIG",
        "last_name_prefix": "",
        "last_name": "VLwtczDA"
    }
},
{
    "model": "core.respondent",
    "pk": 104,
    "fields": {
        "organisation": 7,
        "email": "XsiTsw@gmail.com",
        "first_name": "sUKKZ",
        "last_name_prefix": "",
        "last_name": "CUJTsIVI"
    }
},
{
    "model": "core.respondent",
    "pk": 105,
    "fields": {
        "organisation": 7,
        "email": "XmRttE@gmail.com",
        "first_name": "oTnZi",
        "last_name_prefix": "",
        "last_name": "AQrAeyjY"
    }
},
{
    "model": "core.respondent",
    "pk": 106,
    "fields": {
        "organisation": 7,
        "email": "kdOxAR@gmail.com",
        "first_name": "zsmhN",
        "last_name_prefix": "",
        "last_name": "SoOEAWoh"
    }
},
{
    "model": "core.respondent",
    "pk": 107,
    "fields": {
        "organisation": 7,
        "email": "pakihE@gmail.com",
        "first_name": "OnhQc",
        "last_name_prefix": "",
        "last_name": "swgRkgWF"
    }
},
{
    "model": "core.respondent",
    "pk": 108,
    "fields": {
        "organisation": 7,
        "email": "vQzKqS@gmail.com",
        "first_name": "SJfwj",
        "last_name_prefix": "",
        "last_name": "plMONJBK"
    }
},
{
    "model": "core.respondent",
    "pk": 109,
    "fields": {
        "organisation": 7,
        "email": "fOaxoj@gmail.com",
        "first_name": "euRVT",
        "last_name_prefix": "",
        "last_name": "FVqBXiRE"
    }
},
{
    "model": "core.respondent",
    "pk": 110,
    "fields": {
        "organisation": 7,
        "email": "QSgiPg@gmail.com",
        "first_name": "cEasT",
        "last_name_prefix": "",
        "last_name": "aOjClFSM"
    }
},
{
    "model": "core.respondent",
    "pk": 111,
    "fields": {
        "organisation": 7,
        "email": "ToUJYg@gmail.com",
        "first_name": "RFrup",
        "last_name_prefix": "",
        "last_name": "xlaVxvEV"
    }
},
{
    "model": "core.respondent",
    "pk": 112,
    "fields": {
        "organisation": 7,
        "email": "azgXsw@gmail.com",
        "first_name": "Nslvk",
        "last_name_prefix": "",
        "last_name": "xyrtPDee"
    }
},
{
    "model": "core.respondent",
    "pk": 113,
    "fields": {
        "organisation": 7,
        "email": "SguPyS@gmail.com",
        "first_name": "FRJwP",
        "last_name_prefix": "",
        "last_name": "TqbYprBY"
    }
},
{
    "model": "core.respondent",
    "pk": 114,
    "fields": {
        "organisation": 7,
        "email": "fblFsS@gmail.com",
        "first_name": "bBMej",
        "last_name_prefix": "",
        "last_name": "tdybTVnn"
    }
},
{
    "model": "core.respondent",
    "pk": 115,
    "fields": {
        "organisation": 7,
        "email": "lQTsKU@gmail.com",
        "first_name": "HAJSz",
        "last_name_prefix": "",
        "last_name": "QwUbgtDY"
    }
},
{
    "model": "core.respondent",
    "pk": 116,
    "fields": {
        "organisation": 7,
        "email": "Vsjdcu@gmail.com",
        "first_name": "akQZz",
        "last_name_prefix": "",
        "last_name": "fJShIvLo"
    }
},
{
    "model": "core.respondent",
    "pk": 117,
    "fields": {
        "organisation": 7,
        "email": "quonVd@gmail.com",
        "first_name": "eKAhA",
        "last_name_prefix": "",
        "last_name": "PcXVmrLl"
    }
},
{
    "model": "core.respondent",
    "pk": 118,
    "fields": {
        "organisation": 7,
        "email": "UVkyBC@gmail.com",
        "first_name": "MDnjO",
        "last_name_prefix": "",
        "last_name": "xxKcRcgc"
    }
},
{
    "model": "core.respondent",
    "pk": 119,
    "fields": {
        "organisation": 7,
        "email": "sokNBI@gmail.com",
        "first_name": "ROgfO",
        "last_name_prefix": "",
        "last_name": "uakaXIKQ"
    }
},
{
    "model": "core.respondent",
    "pk": 120,
    "fields": {
        "organisation": 6,
        "email": "fburwinb@netvibes.com",
        "first_name": "Florencia",
        "last_name_prefix": "",
        "last_name": "BURWIN"
    }
},
{
    "model": "core.respondent",
    "pk": 121,
    "fields": {
        "organisation": 6,
        "email": "sdewsc@alibaba.com",
        "first_name": "Sibeal",
        "last_name_prefix": "",
        "last_name": "Dews"
    }
},
{
    "model": "core.respondent",
    "pk": 122,
    "fields": {
        "organisation": 6,
        "email": "ewillischd@is.gd",
        "first_name": "Eloisa",
        "last_name_prefix": "",
        "last_name": "Willisch"
    }
},
{
    "model": "core.respondent",
    "pk": 123,
    "fields": {
        "organisation": 6,
        "email": "oeverette@amazonaws.com",
        "first_name": "Olga",
        "last_name_prefix": "",
        "last_name": "Everett"
    }
},
{
    "model": "core.respondent",
    "pk": 124,
    "fields": {
        "organisation": 6,
        "email": "apaprotnyf@squarespace.com",
        "first_name": "Alfy",
        "last_name_prefix": "",
        "last_name": "Paprotny"
    }
},
{
    "model": "core.respondent",
    "pk": 125,
    "fields": {
        "organisation": 6,
        "email": "jdanielotg@home.pl",
        "first_name": "Janie",
        "last_name_prefix": "",
        "last_name": "Danielot"
    }
},
{
    "model": "core.respondent",
    "pk": 126,
    "fields": {
        "organisation": 6,
        "email": "rwilloughbyh@mlb.com",
        "first_name": "Rowena",
        "last_name_prefix": "",
        "last_name": "Willoughby"
    }
},
{
    "model": "core.respondent",
    "pk": 127,
    "fields": {
        "organisation": 6,
        "email": "egillbeei@gov.uk",
        "first_name": "Elisabetta",
        "last_name_prefix": "",
        "last_name": "Gillbee"
    }
},
{
    "model": "core.respondent",
    "pk": 128,
    "fields": {
        "organisation": 6,
        "email": "mpayj@ustream.tv",
        "first_name": "Minnie",
        "last_name_prefix": "",
        "last_name": "Pay"
    }
},
{
    "model": "core.respondent",
    "pk": 129,
    "fields": {
        "organisation": 7,
        "email": "amarriage0@uol.com.br",
        "first_name": "Arlyne",
        "last_name_prefix": "",
        "last_name": "Marriage"
    }
},
{
    "model": "core.respondent",
    "pk": 130,
    "fields": {
        "organisation": 7,
        "email": "qbottleson1@google.com.au",
        "first_name": "Quintin",
        "last_name_prefix": "",
        "last_name": "Bottleson"
    }
},
{
    "model": "core.respondent",
    "pk": 131,
    "fields": {
        "organisation": 7,
        "email": "bfrancom2@yellowbook.com",
        "first_name": "Brew",
        "last_name_prefix": "",
        "last_name": "Francom"
    }
},
{
    "model": "core.respondent",
    "pk": 132,
    "fields": {
        "organisation": 7,
        "email": "jfynan3@oracle.com",
        "first_name": "Justine",
        "last_name_prefix": "",
        "last_name": "Fynan"
    }
},
{
    "model": "core.respondent",
    "pk": 133,
    "fields": {
        "organisation": 7,
        "email": "nsculpher4@marriott.com",
        "first_name": "Nanci",
        "last_name_prefix": "",
        "last_name": "Sculpher"
    }
},
{
    "model": "core.respondent",
    "pk": 134,
    "fields": {
        "organisation": 7,
        "email": "lcanton5@hc360.com",
        "first_name": "Lock",
        "last_name_prefix": "",
        "last_name": "Canton"
    }
},
{
    "model": "core.respondent",
    "pk": 135,
    "fields": {
        "organisation": 7,
        "email": "rpedycan6@scientificamerican.com",
        "first_name": "Reeta",
        "last_name_prefix": "",
        "last_name": "Pedycan"
    }
},
{
    "model": "core.respondent",
    "pk": 136,
    "fields": {
        "organisation": 7,
        "email": "vmeddick7@drupal.org",
        "first_name": "Vanda",
        "last_name_prefix": "",
        "last_name": "Meddick"
    }
},
{
    "model": "core.respondent",
    "pk": 137,
    "fields": {
        "organisation": 7,
        "email": "mstud8@360.cn",
        "first_name": "Myrilla",
        "last_name_prefix": "",
        "last_name": "Stud"
    }
},
{
    "model": "core.respondent",
    "pk": 138,
    "fields": {
        "organisation": 7,
        "email": "dshoubridge9@ebay.co.uk",
        "first_name": "Delano",
        "last_name_prefix": "",
        "last_name": "Shoubridge"
    }
},
{
    "model": "core.respondent",
    "pk": 139,
    "fields": {
        "organisation": 7,
        "email": "bkimblina@cnn.com",
        "first_name": "Bogey",
        "last_name_prefix": "",
        "last_name": "Kimblin"
    }
},
{
    "model": "core.respondent",
    "pk": 140,
    "fields": {
        "organisation": 7,
        "email": "cdeningtonb@dailymail.co.uk",
        "first_name": "Codee",
        "last_name_prefix": "",
        "last_name": "Denington"
    }
},
{
    "model": "core.respondent",
    "pk": 141,
    "fields": {
        "organisation": 7,
        "email": "ogarlickec@desdev.cn",
        "first_name": "Ole",
        "last_name_prefix": "",
        "last_name": "Garlicke"
    }
},
{
    "model": "core.respondent",
    "pk": 142,
    "fields": {
        "organisation": 7,
        "email": "jackwoodd@unicef.org",
        "first_name": "Jerry",
        "last_name_prefix": "",
        "last_name": "Ackwood"
    }
},
{
    "model": "core.respondent",
    "pk": 143,
    "fields": {
        "organisation": 7,
        "email": "crookwelle@umn.edu",
        "first_name": "Clarey",
        "last_name_prefix": "",
        "last_name": "Rookwell"
    }
},
{
    "model": "core.respondent",
    "pk": 144,
    "fields": {
        "organisation": 7,
        "email": "agladdenf@pbs.org",
        "first_name": "Amil",
        "last_name_prefix": "",
        "last_name": "Gladden"
    }
},
{
    "model": "core.respondent",
    "pk": 145,
    "fields": {
        "organisation": 7,
        "email": "kbaseggiog@xrea.com",
        "first_name": "Kesley",
        "last_name_prefix": "",
        "last_name": "Baseggio"
    }
},
{
    "model": "core.respondent",
    "pk": 146,
    "fields": {
        "organisation": 7,
        "email": "droobottomh@people.com.cn",
        "first_name": "Daisey",
        "last_name_prefix": "",
        "last_name": "Roobottom"
    }
},
{
    "model": "core.respondent",
    "pk": 147,
    "fields": {
        "organisation": 7,
        "email": "kdehailesi@networksolutions.com",
        "first_name": "Koral",
        "last_name_prefix": "",
        "last_name": "De Hailes"
    }
},
{
    "model": "core.respondent",
    "pk": 148,
    "fields": {
        "organisation": 7,
        "email": "svasilmanovj@rediff.com",
        "first_name": "Stearne",
        "last_name_prefix": "",
        "last_name": "Vasilmanov"
    }
},
{
    "model": "core.respondent",
    "pk": 149,
    "fields": {
        "organisation": 7,
        "email": "mpenak@simplemachines.org",
        "first_name": "Maia",
        "last_name_prefix": "",
        "last_name": "Pena"
    }
},
{
    "model": "core.respondent",
    "pk": 150,
    "fields": {
        "organisation": 7,
        "email": "fdematteil@baidu.com",
        "first_name": "Farrah",
        "last_name_prefix": "",
        "last_name": "De Mattei"
    }
},
{
    "model": "core.respondent",
    "pk": 151,
    "fields": {
        "organisation": 7,
        "email": "lbramfordm@google.ru",
        "first_name": "Les",
        "last_name_prefix": "",
        "last_name": "Bramford"
    }
},
{
    "model": "core.respondent",
    "pk": 152,
    "fields": {
        "organisation": 7,
        "email": "sbranchetn@youtu.be",
        "first_name": "Stan",
        "last_name_prefix": "",
        "last_name": "Branchet"
    }
},
{
    "model": "core.respondent",
    "pk": 153,
    "fields": {
        "organisation": 7,
        "email": "awilacoto@state.gov",
        "first_name": "Ad",
        "last_name_prefix": "",
        "last_name": "Wilacot"
    }
},
{
    "model": "core.respondent",
    "pk": 154,
    "fields": {
        "organisation": 7,
        "email": "arekesp@domainmarket.com",
        "first_name": "Amelia",
        "last_name_prefix": "",
        "last_name": "Rekes"
    }
},
{
    "model": "core.respondent",
    "pk": 155,
    "fields": {
        "organisation": 7,
        "email": "nshoreq@newyorker.com",
        "first_name": "Nilson",
        "last_name_prefix": "",
        "last_name": "Shore"
    }
},
{
    "model": "core.respondent",
    "pk": 156,
    "fields": {
        "organisation": 7,
        "email": "ndezamudior@upenn.edu",
        "first_name": "Norby",
        "last_name_prefix": "",
        "last_name": "De Zamudio"
    }
},
{
    "model": "core.respondent",
    "pk": 157,
    "fields": {
        "organisation": 7,
        "email": "ntotaros@lulu.com",
        "first_name": "Nigel",
        "last_name_prefix": "",
        "last_name": "Totaro"
    }
},
{
    "model": "core.respondent",
    "pk": 158,
    "fields": {
        "organisation": 7,
        "email": "lblabbert@w3.org",
        "first_name": "Liva",
        "last_name_prefix": "",
        "last_name": "Blabber"
    }
},
{
    "model": "core.respondent",
    "pk": 159,
    "fields": {
        "organisation": 7,
        "email": "apickersgillu@ted.com",
        "first_name": "Alfred",
        "last_name_prefix": "",
        "last_name": "Pickersgill"
    }
},
{
    "model": "core.respondent",
    "pk": 160,
    "fields": {
        "organisation": 7,
        "email": "myearnsleyv@senate.gov",
        "first_name": "Mariellen",
        "last_name_prefix": "",
        "last_name": "Yearnsley"
    }
},
{
    "model": "core.respondent",
    "pk": 161,
    "fields": {
        "organisation": 7,
        "email": "sredmainw@theglobeandmail.com",
        "first_name": "Shelley",
        "last_name_prefix": "",
        "last_name": "Redmain"
    }
},
{
    "model": "core.respondent",
    "pk": 162,
    "fields": {
        "organisation": 7,
        "email": "strubshawex@cornell.edu",
        "first_name": "Seline",
        "last_name_prefix": "",
        "last_name": "Trubshawe"
    }
},
{
    "model": "core.respondent",
    "pk": 163,
    "fields": {
        "organisation": 7,
        "email": "fdigglesy@cbc.ca",
        "first_name": "Franky",
        "last_name_prefix": "",
        "last_name": "Diggles"
    }
},
{
    "model": "core.respondent",
    "pk": 164,
    "fields": {
        "organisation": 7,
        "email": "fhollingdalez@time.com",
        "first_name": "Frances",
        "last_name_prefix": "",
        "last_name": "Hollingdale"
    }
},
{
    "model": "core.respondent",
    "pk": 165,
    "fields": {
        "organisation": 7,
        "email": "mcrumbleholme10@meetup.com",
        "first_name": "Meredeth",
        "last_name_prefix": "",
        "last_name": "Crumbleholme"
    }
},
{
    "model": "core.respondent",
    "pk": 166,
    "fields": {
        "organisation": 7,
        "email": "hscanlin11@drupal.org",
        "first_name": "Hayes",
        "last_name_prefix": "",
        "last_name": "Scanlin"
    }
},
{
    "model": "core.respondent",
    "pk": 167,
    "fields": {
        "organisation": 7,
        "email": "rgligori12@ftc.gov",
        "first_name": "Rachel",
        "last_name_prefix": "",
        "last_name": "Gligori"
    }
},
{
    "model": "core.respondent",
    "pk": 168,
    "fields": {
        "organisation": 7,
        "email": "rmacgaughey13@sina.com.cn",
        "first_name": "Ruthe",
        "last_name_prefix": "",
        "last_name": "MacGaughey"
    }
},
{
    "model": "core.respondent",
    "pk": 169,
    "fields": {
        "organisation": 7,
        "email": "hjevons14@chron.com",
        "first_name": "Helenka",
        "last_name_prefix": "",
        "last_name": "Jevons"
    }
},
{
    "model": "core.respondent",
    "pk": 170,
    "fields": {
        "organisation": 7,
        "email": "talderton15@google.com.au",
        "first_name": "Terence",
        "last_name_prefix": "",
        "last_name": "Alderton"
    }
},
{
    "model": "core.respondent",
    "pk": 171,
    "fields": {
        "organisation": 7,
        "email": "mleed16@acquirethisname.com",
        "first_name": "Mirabella",
        "last_name_prefix": "",
        "last_name": "Leed"
    }
},
{
    "model": "core.respondent",
    "pk": 172,
    "fields": {
        "organisation": 7,
        "email": "faikenhead17@adobe.com",
        "first_name": "Ferrell",
        "last_name_prefix": "",
        "last_name": "Aikenhead"
    }
},
{
    "model": "core.respondent",
    "pk": 173,
    "fields": {
        "organisation": 7,
        "email": "ebaldazzi18@bluehost.com",
        "first_name": "Ewen",
        "last_name_prefix": "",
        "last_name": "Baldazzi"
    }
},
{
    "model": "core.respondent",
    "pk": 174,
    "fields": {
        "organisation": 7,
        "email": "dkerr19@alibaba.com",
        "first_name": "Dean",
        "last_name_prefix": "",
        "last_name": "Kerr"
    }
},
{
    "model": "core.respondent",
    "pk": 175,
    "fields": {
        "organisation": 7,
        "email": "jbaraja1a@scribd.com",
        "first_name": "Joey",
        "last_name_prefix": "",
        "last_name": "Baraja"
    }
},
{
    "model": "core.respondent",
    "pk": 176,
    "fields": {
        "organisation": 7,
        "email": "bcauston1b@xinhuanet.com",
        "first_name": "Bobinette",
        "last_name_prefix": "",
        "last_name": "Causton"
    }
},
{
    "model": "core.respondent",
    "pk": 177,
    "fields": {
        "organisation": 7,
        "email": "mmarmion1c@merriam-webster.com",
        "first_name": "Merv",
        "last_name_prefix": "",
        "last_name": "Marmion"
    }
},
{
    "model": "core.respondent",
    "pk": 178,
    "fields": {
        "organisation": 7,
        "email": "seglese1d@bigcartel.com",
        "first_name": "Sanders",
        "last_name_prefix": "",
        "last_name": "Eglese"
    }
},
{
    "model": "core.respondent",
    "pk": 179,
    "fields": {
        "organisation": 4,
        "email": "accountant@mail.com",
        "first_name": "Accountant",
        "last_name_prefix": "",
        "last_name": "of Ben & Jerry's"
    }
},
{
    "model": "core.respondent",
    "pk": 180,
    "fields": {
        "organisation": 6,
        "email": "accountant@mail.com",
        "first_name": "Accountant",
        "last_name_prefix": "",
        "last_name": "of Triodos"
    }
},
{
    "model": "core.respondent",
    "pk": 181,
    "fields": {
        "organisation": 4,
        "email": "accountant@mail.com",
        "first_name": "Accountant",
        "last_name_prefix": "",
        "last_name": "of Ben & Jerry's"
    }
},
{
    "model": "core.respondent",
    "pk": 182,
    "fields": {
        "organisation": 6,
        "email": "accountant@mail.com",
        "first_name": "Accountant",
        "last_name_prefix": "",
        "last_name": "of Triodos"
    }
},
{
    "model": "core.respondent",
    "pk": 183,
    "fields": {
        "organisation": 7,
        "email": "accountant@mail.com",
        "first_name": "Accountant",
        "last_name_prefix": "",
        "last_name": "of Greyston Bakery"
    }
},
{
    "model": "core.respondent",
    "pk": 184,
    "fields": {
        "organisation": 7,
        "email": "accountant@mail.com",
        "first_name": "Accountant",
        "last_name_prefix": "",
        "last_name": "of Greyston Bakery"
    }
},
{
    "model": "core.method",
    "pk": 2,
    "fields": {
        "created_by": 1,
        "ispublic": true,
        "name": "STARS Method",
        "description": "STARS Method by Aashe",
        "version": "1.00"
    }
},
{
    "model": "core.method",
    "pk": 3,
    "fields": {
        "created_by": 1,
        "ispublic": true,
        "name": "newmethod2",
        "description": "The method based on the YAML file Diederik shared",
        "version": "1.00"
    }
},
{
    "model": "core.method",
    "pk": 5,
    "fields": {
        "created_by": 1,
        "ispublic": true,
        "name": "Untitled method",
        "description": "...",
        "version": "1.00"
    }
},
{
    "model": "core.method",
    "pk": 6,
    "fields": {
        "created_by": 1,
        "ispublic": true,
        "name": "Untitled method",
        "description": "...",
        "version": "1.00"
    }
},
{
    "model": "core.stakeholdergroup",
    "pk": 1,
    "fields": {
        "name": "anyone",
        "description": ""
    }
},
{
    "model": "core.survey",
    "pk": 5,
    "fields": {
        "method": 2,
        "stakeholdergroup": 1,
        "name": "Management Survey",
        "description": "",
        "welcome_text": "",
        "closing_text": "",
        "min_threshold": 100,
        "anonymous": false,
        "response_type": "single"
    }
},
{
    "model": "core.survey",
    "pk": 6,
    "fields": {
        "method": 3,
        "stakeholdergroup": 1,
        "name": "Management survey",
        "description": "This survey has to be filled in by the ESEA accountant",
        "welcome_text": "Welcome ESEA accountant",
        "closing_text": "Bye",
        "min_threshold": 1,
        "anonymous": false,
        "response_type": "single"
    }
},
{
    "model": "core.survey",
    "pk": 7,
    "fields": {
        "method": 3,
        "stakeholdergroup": 1,
        "name": "Employee survey",
        "description": "This survey should be answered by all employees of the company",
        "welcome_text": "Welcome Employee",
        "closing_text": "Bye",
        "min_threshold": 0,
        "anonymous": true,
        "response_type": "multiple"
    }
},
{
    "model": "core.survey",
    "pk": 8,
    "fields": {
        "method": 3,
        "stakeholdergroup": 1,
        "name": "Registration survey",
        "description": "This survey has to be filled in upon registration",
        "welcome_text": "",
        "closing_text": "",
        "min_threshold": 1,
        "anonymous": false,
        "response_type": "single"
    }
},
{
    "model": "core.section",
    "pk": 6,
    "fields": {
        "survey": 5,
        "order": 1,
        "title": "Section 1"
    }
},
{
    "model": "core.section",
    "pk": 7,
    "fields": {
        "survey": 6,
        "order": 1,
        "title": "Company details"
    }
},
{
    "model": "core.section",
    "pk": 8,
    "fields": {
        "survey": 6,
        "order": 2,
        "title": "Decision-making"
    }
},
{
    "model": "core.section",
    "pk": 9,
    "fields": {
        "survey": 7,
        "order": 1,
        "title": "Overall satisfaction"
    }
},
{
    "model": "core.section",
    "pk": 10,
    "fields": {
        "survey": 7,
        "order": 3,
        "title": "Equity, Diversity & Inclusiveness"
    }
},
{
    "model": "core.section",
    "pk": 11,
    "fields": {
        "survey": 8,
        "order": 1,
        "title": "General information"
    }
},
{
    "model": "core.section",
    "pk": 12,
    "fields": {
        "survey": 7,
        "order": 1,
        "title": "Employee Data"
    }
},
{
    "model": "core.textfragment",
    "pk": 6,
    "fields": {
        "section": 7,
        "order": 1,
        "text": "This section collects general information about your company"
    }
},
{
    "model": "core.textfragment",
    "pk": 7,
    "fields": {
        "section": 8,
        "order": 1,
        "text": "This section collects data on the decision-making process in your company"
    }
},
{
    "model": "core.textfragment",
    "pk": 8,
    "fields": {
        "section": 9,
        "order": 1,
        "text": "In this section questions related to your workplace satisfaction will be asked."
    }
},
{
    "model": "core.textfragment",
    "pk": 9,
    "fields": {
        "section": 10,
        "order": 1,
        "text": "In this section data about equity, diversity and inclusiveness is collected"
    }
},
{
    "model": "core.textfragment",
    "pk": 10,
    "fields": {
        "section": 11,
        "order": 1,
        "text": "General information that needs to be filled in upon registration"
    }
},
{
    "model": "core.topic",
    "pk": 7,
    "fields": {
        "method": 2,
        "parent_topic": null,
        "name": "Root",
        "description": ""
    }
},
{
    "model": "core.topic",
    "pk": 9,
    "fields": {
        "method": 2,
        "parent_topic": 7,
        "name": "Academics -Curriculum -Academic courses",
        "description": ""
    }
},
{
    "model": "core.topic",
    "pk": 11,
    "fields": {
        "method": 2,
        "parent_topic": 7,
        "name": "Academics -Curriculum - Learning outcomes",
        "description": ""
    }
},
{
    "model": "core.topic",
    "pk": 12,
    "fields": {
        "method": 2,
        "parent_topic": 7,
        "name": "Engagement - Campus Engagement - Assessing Sustainability Culture",
        "description": ""
    }
},
{
    "model": "core.topic",
    "pk": 13,
    "fields": {
        "method": 2,
        "parent_topic": 7,
        "name": "Operations - Buildings - Building Design and Construction",
        "description": ""
    }
},
{
    "model": "core.topic",
    "pk": 14,
    "fields": {
        "method": 2,
        "parent_topic": 7,
        "name": "Operations Energy - Clean and Renewable Energy",
        "description": ""
    }
},
{
    "model": "core.topic",
    "pk": 15,
    "fields": {
        "method": 3,
        "parent_topic": null,
        "name": "Root topic",
        "description": "The root topic"
    }
},
{
    "model": "core.topic",
    "pk": 16,
    "fields": {
        "method": 3,
        "parent_topic": 15,
        "name": "Organisation Data",
        "description": "Organisational data"
    }
},
{
    "model": "core.topic",
    "pk": 17,
    "fields": {
        "method": 3,
        "parent_topic": 15,
        "name": "Gender Equity",
        "description": "This topic collects data about gender equity"
    }
},
{
    "model": "core.topic",
    "pk": 18,
    "fields": {
        "method": 3,
        "parent_topic": 15,
        "name": "Environmental impact",
        "description": "This topic collects data about the impact of organisational activities on the environment"
    }
},
{
    "model": "core.topic",
    "pk": 19,
    "fields": {
        "method": 3,
        "parent_topic": 15,
        "name": "Workplace quality",
        "description": "This topic collects data about the workplace quality"
    }
},
{
    "model": "core.topic",
    "pk": 20,
    "fields": {
        "method": 3,
        "parent_topic": 15,
        "name": "Certification",
        "description": "This topic defines indicators used for determining the certification level of an organisation"
    }
},
{
    "model": "core.question",
    "pk": 11,
    "fields": {
        "method": 2,
        "section": 6,
        "topic": null,
        "order": 1,
        "isMandatory": true,
        "name": "How many sustainability focused courses does your institute offer?",
        "description": "",
        "instruction": "",
        "default": "",
        "min_number": 1,
        "max_number": 5,
        "answertype": "TEXT",
        "uiComponent": "field"
    }
},
{
    "model": "core.question",
    "pk": 12,
    "fields": {
        "method": 2,
        "section": 6,
        "topic": null,
        "order": 1,
        "isMandatory": true,
        "name": "How many sustainability inclusive courses does your institute offer?",
        "description": "",
        "instruction": "",
        "default": "",
        "min_number": 1,
        "max_number": 5,
        "answertype": "TEXT",
        "uiComponent": "field"
    }
},
{
    "model": "core.question",
    "pk": 13,
    "fields": {
        "method": 2,
        "section": 6,
        "topic": null,
        "order": 1,
        "isMandatory": true,
        "name": "How many courses does your institute offer?",
        "description": "",
        "instruction": "",
        "default": "",
        "min_number": 1,
        "max_number": 5,
        "answertype": "TEXT",
        "uiComponent": "field"
    }
},
{
    "model": "core.question",
    "pk": 14,
    "fields": {
        "method": 2,
        "section": 6,
        "topic": null,
        "order": 1,
        "isMandatory": true,
        "name": "How many departments within your institute offer sustainability focused/inclusive courses?",
        "description": "",
        "instruction": "",
        "default": "",
        "min_number": 1,
        "max_number": 5,
        "answertype": "TEXT",
        "uiComponent": "field"
    }
},
{
    "model": "core.question",
    "pk": 15,
    "fields": {
        "method": 2,
        "section": 6,
        "topic": null,
        "order": 1,
        "isMandatory": true,
        "name": "What is the total number of departments within your institute?",
        "description": "",
        "instruction": "",
        "default": "",
        "min_number": 1,
        "max_number": 5,
        "answertype": "TEXT",
        "uiComponent": "field"
    }
},
{
    "model": "core.question",
    "pk": 16,
    "fields": {
        "method": 2,
        "section": 6,
        "topic": null,
        "order": 1,
        "isMandatory": true,
        "name": "How many graduates from degree programs require an understanding of sustainability?",
        "description": "",
        "instruction": "",
        "default": "",
        "min_number": 1,
        "max_number": 5,
        "answertype": "TEXT",
        "uiComponent": "field"
    }
},
{
    "model": "core.question",
    "pk": 17,
    "fields": {
        "method": 2,
        "section": 6,
        "topic": null,
        "order": 1,
        "isMandatory": true,
        "name": "What is the total number of graduates per year?",
        "description": "",
        "instruction": "",
        "default": "",
        "min_number": 1,
        "max_number": 5,
        "answertype": "TEXT",
        "uiComponent": "field"
    }
},
{
    "model": "core.question",
    "pk": 18,
    "fields": {
        "method": 2,
        "section": 6,
        "topic": null,
        "order": 1,
        "isMandatory": true,
        "name": "Does the institution conduct an assessment of sustainability culture, administered to the entire campus community (students and employees) directly or by representative sample (i.e., the assessment focuses on sustainability values, behaviors, and beliefs, and may also address awareness of campus sustainability initiatives)?",
        "description": "",
        "instruction": "",
        "default": "",
        "min_number": 1,
        "max_number": 5,
        "answertype": "TEXT",
        "uiComponent": "radiobutton"
    }
},
{
    "model": "core.question",
    "pk": 19,
    "fields": {
        "method": 2,
        "section": 6,
        "topic": null,
        "order": 1,
        "isMandatory": true,
        "name": "\"Does the institution conduct an assessment of sustainability culture, administered to a subset of the campus community or a sample that may not be representative of the entire community (i.e., the assessment focuses on sustainability values, behaviors, and beliefs, and may also address awareness of campus sustainability initiatives)?\"",
        "description": "",
        "instruction": "",
        "default": "",
        "min_number": 1,
        "max_number": 5,
        "answertype": "TEXT",
        "uiComponent": "radiobutton"
    }
},
{
    "model": "core.question",
    "pk": 20,
    "fields": {
        "method": 2,
        "section": 6,
        "topic": null,
        "order": 1,
        "isMandatory": true,
        "name": "Is the sustainability assessment administered longitudinally to measure change over time (i.e., with one or more follow-up assessments administered to the same cohort or representative samples of the same population).",
        "description": "",
        "instruction": "",
        "default": "",
        "min_number": 1,
        "max_number": 5,
        "answertype": "TEXT",
        "uiComponent": "radiobutton"
    }
},
{
    "model": "core.question",
    "pk": 21,
    "fields": {
        "method": 2,
        "section": 6,
        "topic": null,
        "order": 1,
        "isMandatory": true,
        "name": "How much floor area of newly constructed or renovated building space is certified at the highest achievable level under a multi-attribute GBC rating system for design and construction (e.g., LEED BD+C Platinum or Certified Living Building)?",
        "description": "",
        "instruction": "",
        "default": "",
        "min_number": 1,
        "max_number": 5,
        "answertype": "TEXT",
        "uiComponent": "field"
    }
},
{
    "model": "core.question",
    "pk": 22,
    "fields": {
        "method": 2,
        "section": 6,
        "topic": null,
        "order": 1,
        "isMandatory": true,
        "name": "\"How much floor area of newly constructed or renovated building space is certified at the 2nd highest level under a 4- or 5-tier, multi-attribute GBC rating system for design and construction (e.g., LEED BD+C Gold) ?\"",
        "description": "",
        "instruction": "",
        "default": "",
        "min_number": 1,
        "max_number": 5,
        "answertype": "TEXT",
        "uiComponent": "field"
    }
},
{
    "model": "core.question",
    "pk": 23,
    "fields": {
        "method": 2,
        "section": 6,
        "topic": null,
        "order": 1,
        "isMandatory": true,
        "name": "\"How much floor area of newly constructed or renovated building space is certified at mid-level under a 3- or 5-tier, multi-attribute GBC rating system for design and construction (e.g., BREEAM Very Good)?\"",
        "description": "",
        "instruction": "",
        "default": "",
        "min_number": 1,
        "max_number": 5,
        "answertype": "TEXT",
        "uiComponent": "field"
    }
},
{
    "model": "core.question",
    "pk": 24,
    "fields": {
        "method": 2,
        "section": 6,
        "topic": null,
        "order": 1,
        "isMandatory": true,
        "name": "\"How much floor area of newly constructed or renovated building space is certified at a step above minimum level under a 4- or 5-tier, multi-attribute GBC rating system for design and construction (e.g., LEED BD+C Silver)?\"",
        "description": "",
        "instruction": "",
        "default": "",
        "min_number": 1,
        "max_number": 5,
        "answertype": "TEXT",
        "uiComponent": "field"
    }
},
{
    "model": "core.question",
    "pk": 25,
    "fields": {
        "method": 2,
        "section": 6,
        "topic": null,
        "order": 1,
        "isMandatory": true,
        "name": "\"How much floor area of newly constructed or renovated building space is certified at minimum level under a multi-attribute GBC rating system for design and construction (e.g., LEED BD+C Certified)?\"",
        "description": "",
        "instruction": "",
        "default": "",
        "min_number": 1,
        "max_number": 5,
        "answertype": "TEXT",
        "uiComponent": "field"
    }
},
{
    "model": "core.question",
    "pk": 26,
    "fields": {
        "method": 2,
        "section": 6,
        "topic": null,
        "order": 1,
        "isMandatory": true,
        "name": "\"How much floor area of newly constructed or renovated building space is certified/verified at any level under a multi-attribute, non-GBC rating system for design and construction, a green building code, or a single-attribute rating system for design and construction?\"",
        "description": "",
        "instruction": "",
        "default": "",
        "min_number": 1,
        "max_number": 5,
        "answertype": "TEXT",
        "uiComponent": "field"
    }
},
{
    "model": "core.question",
    "pk": 27,
    "fields": {
        "method": 2,
        "section": 6,
        "topic": null,
        "order": 1,
        "isMandatory": true,
        "name": "\"How much floor area of newly constructed or renovated building space is designed and built in accordance with a multi-attribute green building code, policy, guideline, or rating system, but not certified/verified ?\"",
        "description": "",
        "instruction": "",
        "default": "",
        "min_number": 1,
        "max_number": 5,
        "answertype": "TEXT",
        "uiComponent": "field"
    }
},
{
    "model": "core.question",
    "pk": 28,
    "fields": {
        "method": 2,
        "section": 6,
        "topic": null,
        "order": 1,
        "isMandatory": true,
        "name": "\"How much floor area of newly constructed or renovated building space is designed and built in accordance with a single-attribute green building code, policy, guideline, or rating system, but not certified/verified?\"",
        "description": "",
        "instruction": "",
        "default": "",
        "min_number": 1,
        "max_number": 5,
        "answertype": "TEXT",
        "uiComponent": "field"
    }
},
{
    "model": "core.question",
    "pk": 29,
    "fields": {
        "method": 2,
        "section": 6,
        "topic": null,
        "order": 1,
        "isMandatory": true,
        "name": "What is the total floor area of newly constructed or renovated building space?",
        "description": "",
        "instruction": "",
        "default": "",
        "min_number": 1,
        "max_number": 5,
        "answertype": "TEXT",
        "uiComponent": "field"
    }
},
{
    "model": "core.question",
    "pk": 30,
    "fields": {
        "method": 2,
        "section": 6,
        "topic": null,
        "order": 1,
        "isMandatory": true,
        "name": "What is the annual energy consumption of your institute?",
        "description": "",
        "instruction": "",
        "default": "",
        "min_number": 1,
        "max_number": 5,
        "answertype": "TEXT",
        "uiComponent": "field"
    }
},
{
    "model": "core.question",
    "pk": 31,
    "fields": {
        "method": 2,
        "section": 6,
        "topic": null,
        "order": 1,
        "isMandatory": true,
        "name": "\"How much electricity is imported electricity from certified/verified clean and renewable sources (i.e., bundled green power purchases)?\"",
        "description": "",
        "instruction": "",
        "default": "",
        "min_number": 1,
        "max_number": 5,
        "answertype": "TEXT",
        "uiComponent": "field"
    }
},
{
    "model": "core.question",
    "pk": 32,
    "fields": {
        "method": 2,
        "section": 6,
        "topic": null,
        "order": 1,
        "isMandatory": true,
        "name": "How much electricity is electricity from on-site, clean and renewable sources?",
        "description": "",
        "instruction": "",
        "default": "",
        "min_number": 1,
        "max_number": 5,
        "answertype": "TEXT",
        "uiComponent": "field"
    }
},
{
    "model": "core.question",
    "pk": 33,
    "fields": {
        "method": 2,
        "section": 6,
        "topic": null,
        "order": 1,
        "isMandatory": true,
        "name": "How much thermal energy is generated from on-site clean and renewable stationary fuels?",
        "description": "",
        "instruction": "",
        "default": "",
        "min_number": 1,
        "max_number": 5,
        "answertype": "TEXT",
        "uiComponent": "field"
    }
},
{
    "model": "core.question",
    "pk": 34,
    "fields": {
        "method": 2,
        "section": 6,
        "topic": null,
        "order": 1,
        "isMandatory": true,
        "name": "\"How much thermal energy is imported steam, hot water, and/or chilled water from certified/verified clean and renewable sources?\"",
        "description": "",
        "instruction": "",
        "default": "",
        "min_number": 1,
        "max_number": 5,
        "answertype": "TEXT",
        "uiComponent": "field"
    }
},
{
    "model": "core.question",
    "pk": 35,
    "fields": {
        "method": 2,
        "section": 6,
        "topic": null,
        "order": 1,
        "isMandatory": true,
        "name": "\"How much of your energy is purchased RECs, GOs, I-RECs or equivalent unbundled renewable energy products certified by a third party\"",
        "description": "",
        "instruction": "",
        "default": "",
        "min_number": 1,
        "max_number": 5,
        "answertype": "TEXT",
        "uiComponent": "field"
    }
},
{
    "model": "core.question",
    "pk": 36,
    "fields": {
        "method": 3,
        "section": 7,
        "topic": 16,
        "order": 2,
        "isMandatory": true,
        "name": "How many women members does the organisation have?",
        "description": "Women in the organisation",
        "instruction": "Please count all women employees of your organisation",
        "default": "",
        "min_number": 1,
        "max_number": 5,
        "answertype": "TEXT",
        "uiComponent": "field"
    }
},
{
    "model": "core.question",
    "pk": 37,
    "fields": {
        "method": 3,
        "section": 7,
        "topic": 16,
        "order": 3,
        "isMandatory": true,
        "name": "How many men members does the organisation have?",
        "description": "Men in the organisations",
        "instruction": "Please count all employees in your organisation who identify as man",
        "default": "",
        "min_number": 1,
        "max_number": 5,
        "answertype": "TEXT",
        "uiComponent": "field"
    }
},
{
    "model": "core.question",
    "pk": 38,
    "fields": {
        "method": 3,
        "section": 7,
        "topic": 17,
        "order": 4,
        "isMandatory": true,
        "name": "What is the average monthly salary of the women in your organisation?",
        "description": "What is the average monthly salary of the women in your organisation?",
        "instruction": "Average salary women",
        "default": "",
        "min_number": 1,
        "max_number": 5,
        "answertype": "TEXT",
        "uiComponent": "field"
    }
},
{
    "model": "core.question",
    "pk": 39,
    "fields": {
        "method": 3,
        "section": 7,
        "topic": 17,
        "order": 5,
        "isMandatory": true,
        "name": "What is the average monthly salary of the men in your organisation?",
        "description": "What is the average monthly salary of the men in your organisation?",
        "instruction": "Average salary men",
        "default": "",
        "min_number": 1,
        "max_number": 5,
        "answertype": "TEXT",
        "uiComponent": "field"
    }
},
{
    "model": "core.question",
    "pk": 40,
    "fields": {
        "method": 3,
        "section": 7,
        "topic": 19,
        "order": 6,
        "isMandatory": true,
        "name": "Are the salaries of your employees publicly available?",
        "description": "Public salaries",
        "instruction": "Select the correct option",
        "default": "",
        "min_number": 1,
        "max_number": 5,
        "answertype": "TEXT",
        "uiComponent": "radiobutton"
    }
},
{
    "model": "core.question",
    "pk": 41,
    "fields": {
        "method": 3,
        "section": 8,
        "topic": 19,
        "order": 1,
        "isMandatory": true,
        "name": "How many women are involved in decision making in the organisation?",
        "description": "How many women are involved in decision making in the organisation?",
        "instruction": "Enter the number",
        "default": "",
        "min_number": 1,
        "max_number": 5,
        "answertype": "TEXT",
        "uiComponent": "field"
    }
},
{
    "model": "core.question",
    "pk": 42,
    "fields": {
        "method": 3,
        "section": 8,
        "topic": 19,
        "order": 3,
        "isMandatory": true,
        "name": "How many men are involved in decision making in the organisation?",
        "description": "How many men are involved in decision making in the organisation?",
        "instruction": "Enter the number",
        "default": "",
        "min_number": 1,
        "max_number": 5,
        "answertype": "TEXT",
        "uiComponent": "field"
    }
},
{
    "model": "core.question",
    "pk": 43,
    "fields": {
        "method": 3,
        "section": 9,
        "topic": 19,
        "order": 2,
        "isMandatory": false,
        "name": "What is your global satisfaction with the working conditions?",
        "description": "Global satisfaction",
        "instruction": "Enter your global satisfaction on a scale of 1 to 5",
        "default": "",
        "min_number": 1,
        "max_number": 5,
        "answertype": "TEXT",
        "uiComponent": "radiobutton"
    }
},
{
    "model": "core.question",
    "pk": 44,
    "fields": {
        "method": 3,
        "section": 10,
        "topic": 19,
        "order": 2,
        "isMandatory": false,
        "name": "How inclusive do you think this company is?",
        "description": "How inclusive do you think this company is?",
        "instruction": "Enter the number on a scale of 1 to 5",
        "default": "",
        "min_number": 1,
        "max_number": 5,
        "answertype": "TEXT",
        "uiComponent": "dropdown"
    }
},
{
    "model": "core.question",
    "pk": 45,
    "fields": {
        "method": 3,
        "section": 11,
        "topic": 16,
        "order": 2,
        "isMandatory": true,
        "name": "Please select the company type?",
        "description": "Company type",
        "instruction": "Select the company type",
        "default": "",
        "min_number": 1,
        "max_number": 5,
        "answertype": "TEXT",
        "uiComponent": "radiobutton"
    }
},
{
    "model": "core.question",
    "pk": 47,
    "fields": {
        "method": 3,
        "section": 12,
        "topic": null,
        "order": 1,
        "isMandatory": true,
        "name": "What is your age?",
        "description": "",
        "instruction": "Put in your age as integer.",
        "default": "",
        "min_number": 1,
        "max_number": 5,
        "answertype": "TEXT",
        "uiComponent": "field"
    }
},
{
    "model": "core.question",
    "pk": 48,
    "fields": {
        "method": 3,
        "section": 12,
        "topic": null,
        "order": 1,
        "isMandatory": true,
        "name": "How many years have you been involved in company?",
        "description": "",
        "instruction": "",
        "default": "",
        "min_number": 1,
        "max_number": 5,
        "answertype": "TEXT",
        "uiComponent": "field"
    }
},
{
    "model": "core.question",
    "pk": 49,
    "fields": {
        "method": 3,
        "section": 12,
        "topic": null,
        "order": 1,
        "isMandatory": true,
        "name": "What is your yearly salary?",
        "description": "",
        "instruction": "",
        "default": "",
        "min_number": 1,
        "max_number": 5,
        "answertype": "TEXT",
        "uiComponent": "field"
    }
},
{
    "model": "core.question",
    "pk": 50,
    "fields": {
        "method": 3,
        "section": 12,
        "topic": null,
        "order": 1,
        "isMandatory": true,
        "name": "I feel save at work on a scale from 1-10.",
        "description": "",
        "instruction": "",
        "default": "",
        "min_number": 1,
        "max_number": 5,
        "answertype": "TEXT",
        "uiComponent": "radiobutton"
    }
},
{
    "model": "core.question",
    "pk": 51,
    "fields": {
        "method": 3,
        "section": 12,
        "topic": null,
        "order": 1,
        "isMandatory": true,
        "name": "I feel as if my company contributes to a better working world. (scale 1-10).",
        "description": "",
        "instruction": "",
        "default": "",
        "min_number": 1,
        "max_number": 5,
        "answertype": "TEXT",
        "uiComponent": "radiobutton"
    }
},
{
    "model": "core.answeroption",
    "pk": 12,
    "fields": {
        "order": 1,
        "text": "yes",
        "direct_indicator": [
            44
        ]
    }
},
{
    "model": "core.answeroption",
    "pk": 13,
    "fields": {
        "order": 2,
        "text": "Ye",
        "direct_indicator": []
    }
},
{
    "model": "core.answeroption",
    "pk": 14,
    "fields": {
        "order": 2,
        "text": "No",
        "direct_indicator": [
            19,
            20,
            21
        ]
    }
},
{
    "model": "core.answeroption",
    "pk": 15,
    "fields": {
        "order": 1,
        "text": "Yes",
        "direct_indicator": [
            19,
            20,
            21
        ]
    }
},
{
    "model": "core.answeroption",
    "pk": 16,
    "fields": {
        "order": 1,
        "text": "cooperative",
        "direct_indicator": [
            39
        ]
    }
},
{
    "model": "core.answeroption",
    "pk": 17,
    "fields": {
        "order": 2,
        "text": "limited company",
        "direct_indicator": [
            39
        ]
    }
},
{
    "model": "core.answeroption",
    "pk": 18,
    "fields": {
        "order": 3,
        "text": "public partnership",
        "direct_indicator": [
            39
        ]
    }
},
{
    "model": "core.answeroption",
    "pk": 19,
    "fields": {
        "order": 4,
        "text": "commercial partnership",
        "direct_indicator": [
            39
        ]
    }
},
{
    "model": "core.answeroption",
    "pk": 20,
    "fields": {
        "order": 2,
        "text": "no",
        "direct_indicator": [
            44
        ]
    }
},
{
    "model": "core.answeroption",
    "pk": 21,
    "fields": {
        "order": 1,
        "text": "1",
        "direct_indicator": [
            45,
            46,
            48,
            51
        ]
    }
},
{
    "model": "core.answeroption",
    "pk": 22,
    "fields": {
        "order": 2,
        "text": "2",
        "direct_indicator": [
            45,
            46,
            48,
            51
        ]
    }
},
{
    "model": "core.answeroption",
    "pk": 23,
    "fields": {
        "order": 3,
        "text": "3",
        "direct_indicator": [
            45,
            46,
            48,
            51
        ]
    }
},
{
    "model": "core.answeroption",
    "pk": 24,
    "fields": {
        "order": 4,
        "text": "4",
        "direct_indicator": [
            45,
            46,
            48,
            51
        ]
    }
},
{
    "model": "core.answeroption",
    "pk": 25,
    "fields": {
        "order": 5,
        "text": "5",
        "direct_indicator": [
            45,
            46,
            48,
            51
        ]
    }
},
{
    "model": "core.answeroption",
    "pk": 26,
    "fields": {
        "order": 6,
        "text": "6",
        "direct_indicator": [
            45,
            46,
            48,
            51
        ]
    }
},
{
    "model": "core.answeroption",
    "pk": 27,
    "fields": {
        "order": 7,
        "text": "7",
        "direct_indicator": [
            45,
            46,
            48,
            51
        ]
    }
},
{
    "model": "core.answeroption",
    "pk": 28,
    "fields": {
        "order": 8,
        "text": "8",
        "direct_indicator": [
            45,
            46,
            48,
            51
        ]
    }
},
{
    "model": "core.answeroption",
    "pk": 29,
    "fields": {
        "order": 9,
        "text": "9",
        "direct_indicator": [
            45,
            46,
            48,
            51
        ]
    }
},
{
    "model": "core.answeroption",
    "pk": 30,
    "fields": {
        "order": 10,
        "text": "10",
        "direct_indicator": [
            45,
            46,
            48,
            51
        ]
    }
},
{
    "model": "core.directindicator",
    "pk": 11,
    "fields": {
        "question": 11,
        "method": 2,
        "topic": 9,
        "key": "sustainability_focused_courses",
        "name": "Number of sustainability-focused courses",
        "description": "",
        "pre_unit": "",
        "post_unit": "courses",
        "datatype": "integer"
    }
},
{
    "model": "core.directindicator",
    "pk": 12,
    "fields": {
        "question": 12,
        "method": 2,
        "topic": 9,
        "key": "sustainability_inclusive_courses",
        "name": "Number of sustainability-inclusive courses",
        "description": "",
        "pre_unit": "",
        "post_unit": "courses",
        "datatype": "integer"
    }
},
{
    "model": "core.directindicator",
    "pk": 13,
    "fields": {
        "question": 13,
        "method": 2,
        "topic": 9,
        "key": "total_courses",
        "name": "Total number of courses offered",
        "description": "",
        "pre_unit": "",
        "post_unit": "courses",
        "datatype": "integer"
    }
},
{
    "model": "core.directindicator",
    "pk": 15,
    "fields": {
        "question": 14,
        "method": 2,
        "topic": 9,
        "key": "departments_with_sustainability_courses",
        "name": "Number of departments with sustainability course offerings",
        "description": "",
        "pre_unit": "",
        "post_unit": "departments",
        "datatype": "integer"
    }
},
{
    "model": "core.directindicator",
    "pk": 16,
    "fields": {
        "question": 15,
        "method": 2,
        "topic": 9,
        "key": "total_departments",
        "name": "Total number of departments",
        "description": "",
        "pre_unit": "",
        "post_unit": "departments",
        "datatype": "integer"
    }
},
{
    "model": "core.directindicator",
    "pk": 17,
    "fields": {
        "question": 16,
        "method": 2,
        "topic": 11,
        "key": "graduates_understanding_sustainability",
        "name": "Number of graduates that require an understanding of sustainability",
        "description": "",
        "pre_unit": "",
        "post_unit": "graduates",
        "datatype": "integer"
    }
},
{
    "model": "core.directindicator",
    "pk": 18,
    "fields": {
        "question": 17,
        "method": 2,
        "topic": 11,
        "key": "total_graduates",
        "name": "Total number of graduates",
        "description": "",
        "pre_unit": "",
        "post_unit": "graduates",
        "datatype": "integer"
    }
},
{
    "model": "core.directindicator",
    "pk": 19,
    "fields": {
        "question": 18,
        "method": 2,
        "topic": 12,
        "key": "culture_sustainability_assessment_entire_campus",
        "name": "An  assessment of sustainability culture is administered to the entire campus community",
        "description": "",
        "pre_unit": "",
        "post_unit": "",
        "datatype": "singlechoice"
    }
},
{
    "model": "core.directindicator",
    "pk": 20,
    "fields": {
        "question": 19,
        "method": 2,
        "topic": 12,
        "key": "culture_sustainability_assessment_subset_campus",
        "name": "An assessment of sustainability culture is administered to a subset of the campus community",
        "description": "",
        "pre_unit": "",
        "post_unit": "",
        "datatype": "singlechoice"
    }
},
{
    "model": "core.directindicator",
    "pk": 21,
    "fields": {
        "question": 20,
        "method": 2,
        "topic": 12,
        "key": "culture_sustainability_assessment_longitudinally",
        "name": "An assessment of sustainability culture is administered administered longitudinally to measure change over time",
        "description": "",
        "pre_unit": "",
        "post_unit": "",
        "datatype": "singlechoice"
    }
},
{
    "model": "core.directindicator",
    "pk": 22,
    "fields": {
        "question": 21,
        "method": 2,
        "topic": 13,
        "key": "building_area_highest_level_GCB_certified",
        "name": "Certified at the highest achievable level under a multi-attribute GBC rating system",
        "description": "(e.g., LEED BD+C Platinum or Certified Living Building)",
        "pre_unit": "",
        "post_unit": "m^2",
        "datatype": "integer"
    }
},
{
    "model": "core.directindicator",
    "pk": 23,
    "fields": {
        "question": 22,
        "method": 2,
        "topic": 13,
        "key": "building_area_second_highest_level_GCB_certified",
        "name": "Certified or at the 2nd highest level under a 4- or 5-tier, multi-attribute GBC rating system (e.g., LEED BD+C Gold)",
        "description": "",
        "pre_unit": "",
        "post_unit": "m^2",
        "datatype": "integer"
    }
},
{
    "model": "core.directindicator",
    "pk": 24,
    "fields": {
        "question": 23,
        "method": 2,
        "topic": 13,
        "key": "building_area_mid_level_GCB_certified",
        "name": "Certified at mid-level under a 3- or 5-tier, multi-attribute GBC rating system (e.g., BREEAM Very Good)",
        "description": "",
        "pre_unit": "",
        "post_unit": "m^2",
        "datatype": "integer"
    }
},
{
    "model": "core.directindicator",
    "pk": 25,
    "fields": {
        "question": 24,
        "method": 2,
        "topic": 13,
        "key": "building_area_step_above_minumum_level_GCB_certified",
        "name": "Certified at a step above minimum level under a 4- or 5-tier, multi-attribute GBC rating system (e.g., LEED BD+C Silver)",
        "description": "",
        "pre_unit": "",
        "post_unit": "m^2",
        "datatype": "integer"
    }
},
{
    "model": "core.directindicator",
    "pk": 26,
    "fields": {
        "question": 25,
        "method": 2,
        "topic": 13,
        "key": "building_area_minumum_level_GCB_certified",
        "name": "Certified at minimum level under a multi-attribute GBC rating system (e.g., LEED BD+C Certified)",
        "description": "",
        "pre_unit": "",
        "post_unit": "m^2",
        "datatype": "integer"
    }
},
{
    "model": "core.directindicator",
    "pk": 27,
    "fields": {
        "question": 26,
        "method": 2,
        "topic": 13,
        "key": "building_area_any_level_non-GCB_certified",
        "name": "Certified/verified at any level under multi-attribute, a green building code, non-GBC or single-attribute rating system",
        "description": "",
        "pre_unit": "",
        "post_unit": "m^2",
        "datatype": "integer"
    }
},
{
    "model": "core.directindicator",
    "pk": 28,
    "fields": {
        "question": 27,
        "method": 2,
        "topic": 13,
        "key": "building_area_multi-attribute_designed_and_built",
        "name": "Designed&built in accordance with multi-attribute green building code, policy/guideline, or rating system, not certified",
        "description": "",
        "pre_unit": "",
        "post_unit": "m^2",
        "datatype": "integer"
    }
},
{
    "model": "core.directindicator",
    "pk": 29,
    "fields": {
        "question": 28,
        "method": 2,
        "topic": 13,
        "key": "building_area_single-attribute_designed_and_built",
        "name": "Designed&built in accordance with single-attribute green building code, policy/guideline, or rating system, uncertified",
        "description": "",
        "pre_unit": "",
        "post_unit": "m^2",
        "datatype": "integer"
    }
},
{
    "model": "core.directindicator",
    "pk": 30,
    "fields": {
        "question": 29,
        "method": 2,
        "topic": 13,
        "key": "total_area",
        "name": "Total area",
        "description": "",
        "pre_unit": "",
        "post_unit": "m^2",
        "datatype": "integer"
    }
},
{
    "model": "core.directindicator",
    "pk": 31,
    "fields": {
        "question": 30,
        "method": 2,
        "topic": 14,
        "key": "total_energy_consumption",
        "name": "Total energy consumption, performance year",
        "description": "",
        "pre_unit": "",
        "post_unit": "MMBtu",
        "datatype": "integer"
    }
},
{
    "model": "core.directindicator",
    "pk": 32,
    "fields": {
        "question": 31,
        "method": 2,
        "topic": 14,
        "key": "imported_green_power",
        "name": "Imported green power",
        "description": "",
        "pre_unit": "",
        "post_unit": "KWh",
        "datatype": "integer"
    }
},
{
    "model": "core.directindicator",
    "pk": 33,
    "fields": {
        "question": 32,
        "method": 2,
        "topic": 14,
        "key": "on-site_renewables",
        "name": "Electricity from on-site, clean and renewable sources",
        "description": "",
        "pre_unit": "",
        "post_unit": "KWh",
        "datatype": "integer"
    }
},
{
    "model": "core.directindicator",
    "pk": 34,
    "fields": {
        "question": 33,
        "method": 2,
        "topic": 14,
        "key": "clean_renewable_fuels_thermal_energy",
        "name": "Clean and renewable stationary fuels used on-site to generate thermal energy",
        "description": "",
        "pre_unit": "",
        "post_unit": "MMBtu",
        "datatype": "integer"
    }
},
{
    "model": "core.directindicator",
    "pk": 35,
    "fields": {
        "question": 34,
        "method": 2,
        "topic": 14,
        "key": "imported_clean_renewable_thermal_energy",
        "name": "Imported steam, hot water, and/or chilled water from certified/verified clean and renewable sources",
        "description": "",
        "pre_unit": "",
        "post_unit": "MMBtu",
        "datatype": "integer"
    }
},
{
    "model": "core.directindicator",
    "pk": 36,
    "fields": {
        "question": 35,
        "method": 2,
        "topic": 14,
        "key": "purchased_RECs/GOs/I-RECs",
        "name": "Purchased RECs, GOs, I-RECs or equivalent unbundled renewable energy products certified by a third part",
        "description": "",
        "pre_unit": "",
        "post_unit": "KWh",
        "datatype": "integer"
    }
},
{
    "model": "core.directindicator",
    "pk": 37,
    "fields": {
        "question": 36,
        "method": 3,
        "topic": 16,
        "key": "women_staff",
        "name": "Women staff members",
        "description": "The number of staff members that identify as woman",
        "pre_unit": "",
        "post_unit": "persons",
        "datatype": "integer"
    }
},
{
    "model": "core.directindicator",
    "pk": 38,
    "fields": {
        "question": 37,
        "method": 3,
        "topic": 16,
        "key": "men_staff",
        "name": "Men staff members",
        "description": "The number of staff members that identify as man",
        "pre_unit": "",
        "post_unit": "persons",
        "datatype": "integer"
    }
},
{
    "model": "core.directindicator",
    "pk": 39,
    "fields": {
        "question": 45,
        "method": 3,
        "topic": 16,
        "key": "company_type",
        "name": "Type of company",
        "description": "The type of company",
        "pre_unit": "",
        "post_unit": "",
        "datatype": "singlechoice"
    }
},
{
    "model": "core.directindicator",
    "pk": 40,
    "fields": {
        "question": 38,
        "method": 3,
        "topic": 17,
        "key": "average_salary_women",
        "name": "Average salary women",
        "description": "The average salary of women in the organisation",
        "pre_unit": "",
        "post_unit": "",
        "datatype": "double"
    }
},
{
    "model": "core.directindicator",
    "pk": 41,
    "fields": {
        "question": 39,
        "method": 3,
        "topic": 17,
        "key": "average_salary_men",
        "name": "Average salary men",
        "description": "The average salary of men in the organisation",
        "pre_unit": "",
        "post_unit": "",
        "datatype": "double"
    }
},
{
    "model": "core.directindicator",
    "pk": 42,
    "fields": {
        "question": 41,
        "method": 3,
        "topic": 19,
        "key": "women_staff_deciding",
        "name": "Number of women involved in decision making",
        "description": "The number of women involved in decision making",
        "pre_unit": "",
        "post_unit": "persons",
        "datatype": "integer"
    }
},
{
    "model": "core.directindicator",
    "pk": 43,
    "fields": {
        "question": 42,
        "method": 3,
        "topic": 19,
        "key": "men_staff_deciding",
        "name": "Number of men involved in decision making",
        "description": "The number of men involved in decision making",
        "pre_unit": "",
        "post_unit": "persons",
        "datatype": "integer"
    }
},
{
    "model": "core.directindicator",
    "pk": 44,
    "fields": {
        "question": 40,
        "method": 3,
        "topic": 19,
        "key": "public_salaries",
        "name": "Salaries publicly available",
        "description": "Are all salaries visible to the public",
        "pre_unit": "",
        "post_unit": "",
        "datatype": "singlechoice"
    }
},
{
    "model": "core.directindicator",
    "pk": 45,
    "fields": {
        "question": 43,
        "method": 3,
        "topic": 19,
        "key": "employee_satisfaction",
        "name": "Employee satisfaction",
        "description": "How satisfied are employees within the organisation",
        "pre_unit": "",
        "post_unit": "",
        "datatype": "singlechoice"
    }
},
{
    "model": "core.directindicator",
    "pk": 46,
    "fields": {
        "question": 44,
        "method": 3,
        "topic": 19,
        "key": "employee_opinion_on_inclusiveness",
        "name": "Inclusiveness of the company",
        "description": "Inclusiveness of the company",
        "pre_unit": "",
        "post_unit": "",
        "datatype": "singlechoice"
    }
},
{
    "model": "core.directindicator",
    "pk": 47,
    "fields": {
        "question": 49,
        "method": 3,
        "topic": 16,
        "key": "yearly_salary",
        "name": "What is your average yearly salary?",
        "description": "The salary that you are getting paid as employee on a yearly basis.",
        "pre_unit": "$",
        "post_unit": "",
        "datatype": "integer"
    }
},
{
    "model": "core.directindicator",
    "pk": 48,
    "fields": {
        "question": 50,
        "method": 3,
        "topic": 16,
        "key": "work_safety",
        "name": "I feel save at work on a scale from 1-10.",
        "description": "",
        "pre_unit": "",
        "post_unit": "",
        "datatype": "singlechoice"
    }
},
{
    "model": "core.directindicator",
    "pk": 49,
    "fields": {
        "question": 47,
        "method": 3,
        "topic": 16,
        "key": "employee_age",
        "name": "What is your age?",
        "description": "",
        "pre_unit": "",
        "post_unit": "",
        "datatype": "integer"
    }
},
{
    "model": "core.directindicator",
    "pk": 50,
    "fields": {
        "question": 48,
        "method": 3,
        "topic": 16,
        "key": "years_of_employment",
        "name": "How many years have you been involved in company?",
        "description": "",
        "pre_unit": "",
        "post_unit": "",
        "datatype": "integer"
    }
},
{
    "model": "core.directindicator",
    "pk": 51,
    "fields": {
        "question": 51,
        "method": 3,
        "topic": 19,
        "key": "company_contribution",
        "name": "I feel as if my company contributes to a better working world. (scale 1-10)",
        "description": "",
        "pre_unit": "",
        "post_unit": "",
        "datatype": "singlechoice"
    }
},
{
    "model": "core.questionresponse",
    "pk": 1,
    "fields": {
        "survey_response": 1,
        "question": 20,
        "direct_indicator_id": 21,
        "value": "No",
        "values": []
    }
},
{
    "model": "core.questionresponse",
    "pk": 2,
    "fields": {
        "survey_response": 1,
        "question": 35,
        "direct_indicator_id": 36,
        "value": "100000",
        "values": []
    }
},
{
    "model": "core.questionresponse",
    "pk": 3,
    "fields": {
        "survey_response": 1,
        "question": 34,
        "direct_indicator_id": 35,
        "value": "100000",
        "values": []
    }
},
{
    "model": "core.questionresponse",
    "pk": 6,
    "fields": {
        "survey_response": 46,
        "question": 43,
        "direct_indicator_id": 45,
        "value": "4",
        "values": []
    }
},
{
    "model": "core.questionresponse",
    "pk": 7,
    "fields": {
        "survey_response": 46,
        "question": 44,
        "direct_indicator_id": 46,
        "value": "2",
        "values": []
    }
},
{
    "model": "core.questionresponse",
    "pk": 8,
    "fields": {
        "survey_response": 4,
        "question": 36,
        "direct_indicator_id": 37,
        "value": "50",
        "values": []
    }
},
{
    "model": "core.questionresponse",
    "pk": 9,
    "fields": {
        "survey_response": 4,
        "question": 37,
        "direct_indicator_id": 38,
        "value": "80",
        "values": []
    }
},
{
    "model": "core.questionresponse",
    "pk": 10,
    "fields": {
        "survey_response": 4,
        "question": 38,
        "direct_indicator_id": 40,
        "value": "1600",
        "values": []
    }
},
{
    "model": "core.questionresponse",
    "pk": 11,
    "fields": {
        "survey_response": 4,
        "question": 39,
        "direct_indicator_id": 41,
        "value": "1800",
        "values": []
    }
},
{
    "model": "core.questionresponse",
    "pk": 12,
    "fields": {
        "survey_response": 4,
        "question": 40,
        "direct_indicator_id": 44,
        "value": "yes",
        "values": []
    }
},
{
    "model": "core.questionresponse",
    "pk": 13,
    "fields": {
        "survey_response": 4,
        "question": 41,
        "direct_indicator_id": 42,
        "value": "3",
        "values": []
    }
},
{
    "model": "core.questionresponse",
    "pk": 14,
    "fields": {
        "survey_response": 4,
        "question": 42,
        "direct_indicator_id": 43,
        "value": "9",
        "values": []
    }
},
{
    "model": "core.questionresponse",
    "pk": 15,
    "fields": {
        "survey_response": 5,
        "question": 45,
        "direct_indicator_id": 39,
        "value": "cooperative",
        "values": []
    }
},
{
    "model": "core.questionresponse",
    "pk": 16,
    "fields": {
        "survey_response": 1,
        "question": 17,
        "direct_indicator_id": 18,
        "value": "3000",
        "values": []
    }
},
{
    "model": "core.questionresponse",
    "pk": 17,
    "fields": {
        "survey_response": 1,
        "question": 16,
        "direct_indicator_id": 17,
        "value": "3000",
        "values": []
    }
},
{
    "model": "core.questionresponse",
    "pk": 18,
    "fields": {
        "survey_response": 1,
        "question": 33,
        "direct_indicator_id": 34,
        "value": "50000",
        "values": []
    }
},
{
    "model": "core.questionresponse",
    "pk": 19,
    "fields": {
        "survey_response": 1,
        "question": 32,
        "direct_indicator_id": 33,
        "value": "2500000",
        "values": []
    }
},
{
    "model": "core.questionresponse",
    "pk": 20,
    "fields": {
        "survey_response": 1,
        "question": 31,
        "direct_indicator_id": 32,
        "value": "7000000",
        "values": []
    }
},
{
    "model": "core.questionresponse",
    "pk": 21,
    "fields": {
        "survey_response": 1,
        "question": 30,
        "direct_indicator_id": 31,
        "value": "300000",
        "values": []
    }
},
{
    "model": "core.questionresponse",
    "pk": 22,
    "fields": {
        "survey_response": 1,
        "question": 29,
        "direct_indicator_id": 30,
        "value": "30000",
        "values": []
    }
},
{
    "model": "core.questionresponse",
    "pk": 23,
    "fields": {
        "survey_response": 1,
        "question": 28,
        "direct_indicator_id": 29,
        "value": "10000",
        "values": []
    }
},
{
    "model": "core.questionresponse",
    "pk": 24,
    "fields": {
        "survey_response": 1,
        "question": 27,
        "direct_indicator_id": 28,
        "value": "25000",
        "values": []
    }
},
{
    "model": "core.questionresponse",
    "pk": 25,
    "fields": {
        "survey_response": 1,
        "question": 26,
        "direct_indicator_id": 27,
        "value": "10000",
        "values": []
    }
},
{
    "model": "core.questionresponse",
    "pk": 26,
    "fields": {
        "survey_response": 1,
        "question": 24,
        "direct_indicator_id": 25,
        "value": "3000",
        "values": []
    }
},
{
    "model": "core.questionresponse",
    "pk": 27,
    "fields": {
        "survey_response": 1,
        "question": 23,
        "direct_indicator_id": 24,
        "value": "1000",
        "values": []
    }
},
{
    "model": "core.questionresponse",
    "pk": 28,
    "fields": {
        "survey_response": 1,
        "question": 25,
        "direct_indicator_id": 26,
        "value": "2200",
        "values": []
    }
},
{
    "model": "core.questionresponse",
    "pk": 29,
    "fields": {
        "survey_response": 1,
        "question": 22,
        "direct_indicator_id": 23,
        "value": "1100",
        "values": []
    }
},
{
    "model": "core.questionresponse",
    "pk": 30,
    "fields": {
        "survey_response": 1,
        "question": 19,
        "direct_indicator_id": 20,
        "value": "No",
        "values": []
    }
},
{
    "model": "core.questionresponse",
    "pk": 31,
    "fields": {
        "survey_response": 1,
        "question": 18,
        "direct_indicator_id": 19,
        "value": "Yes",
        "values": []
    }
},
{
    "model": "core.questionresponse",
    "pk": 32,
    "fields": {
        "survey_response": 1,
        "question": 15,
        "direct_indicator_id": 16,
        "value": "30",
        "values": []
    }
},
{
    "model": "core.questionresponse",
    "pk": 33,
    "fields": {
        "survey_response": 1,
        "question": 14,
        "direct_indicator_id": 15,
        "value": "20",
        "values": []
    }
},
{
    "model": "core.questionresponse",
    "pk": 34,
    "fields": {
        "survey_response": 1,
        "question": 11,
        "direct_indicator_id": 11,
        "value": "250",
        "values": []
    }
},
{
    "model": "core.questionresponse",
    "pk": 35,
    "fields": {
        "survey_response": 1,
        "question": 12,
        "direct_indicator_id": 12,
        "value": "600",
        "values": []
    }
},
{
    "model": "core.questionresponse",
    "pk": 36,
    "fields": {
        "survey_response": 1,
        "question": 13,
        "direct_indicator_id": 13,
        "value": "2000",
        "values": []
    }
},
{
    "model": "core.questionresponse",
    "pk": 37,
    "fields": {
        "survey_response": 1,
        "question": 21,
        "direct_indicator_id": 22,
        "value": "1",
        "values": []
    }
},
{
    "model": "core.questionresponse",
    "pk": 38,
    "fields": {
        "survey_response": 6,
        "question": 36,
        "direct_indicator_id": 37,
        "value": "600",
        "values": []
    }
},
{
    "model": "core.questionresponse",
    "pk": 39,
    "fields": {
        "survey_response": 6,
        "question": 37,
        "direct_indicator_id": 38,
        "value": "550",
        "values": []
    }
},
{
    "model": "core.questionresponse",
    "pk": 40,
    "fields": {
        "survey_response": 6,
        "question": 38,
        "direct_indicator_id": 40,
        "value": "3500",
        "values": []
    }
},
{
    "model": "core.questionresponse",
    "pk": 41,
    "fields": {
        "survey_response": 6,
        "question": 39,
        "direct_indicator_id": 41,
        "value": "3500",
        "values": []
    }
},
{
    "model": "core.questionresponse",
    "pk": 42,
    "fields": {
        "survey_response": 6,
        "question": 40,
        "direct_indicator_id": 44,
        "value": "yes",
        "values": []
    }
},
{
    "model": "core.questionresponse",
    "pk": 43,
    "fields": {
        "survey_response": 6,
        "question": 41,
        "direct_indicator_id": 42,
        "value": "35",
        "values": []
    }
},
{
    "model": "core.questionresponse",
    "pk": 44,
    "fields": {
        "survey_response": 6,
        "question": 42,
        "direct_indicator_id": 43,
        "value": "40",
        "values": []
    }
},
{
    "model": "core.questionresponse",
    "pk": 45,
    "fields": {
        "survey_response": 7,
        "question": 45,
        "direct_indicator_id": 39,
        "value": "limited company",
        "values": []
    }
},
{
    "model": "core.questionresponse",
    "pk": 46,
    "fields": {
        "survey_response": 107,
        "question": 43,
        "direct_indicator_id": 45,
        "value": "3",
        "values": []
    }
},
{
    "model": "core.questionresponse",
    "pk": 47,
    "fields": {
        "survey_response": 107,
        "question": 44,
        "direct_indicator_id": 46,
        "value": "2",
        "values": []
    }
},
{
    "model": "core.questionresponse",
    "pk": 48,
    "fields": {
        "survey_response": 108,
        "question": 43,
        "direct_indicator_id": 45,
        "value": "4",
        "values": []
    }
},
{
    "model": "core.questionresponse",
    "pk": 49,
    "fields": {
        "survey_response": 109,
        "question": 43,
        "direct_indicator_id": 45,
        "value": "5",
        "values": []
    }
},
{
    "model": "core.questionresponse",
    "pk": 50,
    "fields": {
        "survey_response": 109,
        "question": 44,
        "direct_indicator_id": 46,
        "value": "4",
        "values": []
    }
},
{
    "model": "core.questionresponse",
    "pk": 51,
    "fields": {
        "survey_response": 110,
        "question": 43,
        "direct_indicator_id": 45,
        "value": "2",
        "values": []
    }
},
{
    "model": "core.questionresponse",
    "pk": 52,
    "fields": {
        "survey_response": 110,
        "question": 44,
        "direct_indicator_id": 46,
        "value": "2",
        "values": []
    }
},
{
    "model": "core.questionresponse",
    "pk": 53,
    "fields": {
        "survey_response": 111,
        "question": 43,
        "direct_indicator_id": 45,
        "value": "1",
        "values": []
    }
},
{
    "model": "core.questionresponse",
    "pk": 54,
    "fields": {
        "survey_response": 112,
        "question": 43,
        "direct_indicator_id": 45,
        "value": "4",
        "values": []
    }
},
{
    "model": "core.questionresponse",
    "pk": 55,
    "fields": {
        "survey_response": 113,
        "question": 43,
        "direct_indicator_id": 45,
        "value": "2",
        "values": []
    }
},
{
    "model": "core.questionresponse",
    "pk": 56,
    "fields": {
        "survey_response": 114,
        "question": 43,
        "direct_indicator_id": 45,
        "value": "4",
        "values": []
    }
},
{
    "model": "core.questionresponse",
    "pk": 57,
    "fields": {
        "survey_response": 114,
        "question": 44,
        "direct_indicator_id": 46,
        "value": "2",
        "values": []
    }
},
{
    "model": "core.questionresponse",
    "pk": 58,
    "fields": {
        "survey_response": 115,
        "question": 43,
        "direct_indicator_id": 45,
        "value": "5",
        "values": []
    }
},
{
    "model": "core.questionresponse",
    "pk": 59,
    "fields": {
        "survey_response": 115,
        "question": 44,
        "direct_indicator_id": 46,
        "value": "5",
        "values": []
    }
},
{
    "model": "core.questionresponse",
    "pk": 60,
    "fields": {
        "survey_response": 116,
        "question": 43,
        "direct_indicator_id": 45,
        "value": "3",
        "values": []
    }
},
{
    "model": "core.questionresponse",
    "pk": 61,
    "fields": {
        "survey_response": 116,
        "question": 44,
        "direct_indicator_id": 46,
        "value": "3",
        "values": []
    }
},
{
    "model": "core.questionresponse",
    "pk": 62,
    "fields": {
        "survey_response": 117,
        "question": 43,
        "direct_indicator_id": 45,
        "value": "2",
        "values": []
    }
},
{
    "model": "core.questionresponse",
    "pk": 63,
    "fields": {
        "survey_response": 118,
        "question": 43,
        "direct_indicator_id": 45,
        "value": "3",
        "values": []
    }
},
{
    "model": "core.questionresponse",
    "pk": 64,
    "fields": {
        "survey_response": 118,
        "question": 44,
        "direct_indicator_id": 46,
        "value": "4",
        "values": []
    }
},
{
    "model": "core.questionresponse",
    "pk": 65,
    "fields": {
        "survey_response": 127,
        "question": 43,
        "direct_indicator_id": 45,
        "value": "8",
        "values": []
    }
},
{
    "model": "core.questionresponse",
    "pk": 66,
    "fields": {
        "survey_response": 127,
        "question": 44,
        "direct_indicator_id": 46,
        "value": "3",
        "values": []
    }
},
{
    "model": "core.questionresponse",
    "pk": 67,
    "fields": {
        "survey_response": 127,
        "question": 50,
        "direct_indicator_id": 47,
        "value": "1800",
        "values": []
    }
},
{
    "model": "core.questionresponse",
    "pk": 68,
    "fields": {
        "survey_response": 127,
        "question": 49,
        "direct_indicator_id": 48,
        "value": "2160",
        "values": []
    }
},
{
    "model": "core.questionresponse",
    "pk": 69,
    "fields": {
        "survey_response": 127,
        "question": 48,
        "direct_indicator_id": 50,
        "value": "12",
        "values": []
    }
},
{
    "model": "core.questionresponse",
    "pk": 70,
    "fields": {
        "survey_response": 127,
        "question": 47,
        "direct_indicator_id": 49,
        "value": "43",
        "values": []
    }
},
{
    "model": "core.questionresponse",
    "pk": 71,
    "fields": {
        "survey_response": 128,
        "question": 43,
        "direct_indicator_id": 45,
        "value": "4",
        "values": []
    }
},
{
    "model": "core.questionresponse",
    "pk": 100,
    "fields": {
        "survey_response": 100,
        "question": 43,
        "direct_indicator_id": 45,
        "value": "10",
        "values": []
    }
},
{
    "model": "core.questionresponse",
    "pk": 101,
    "fields": {
        "survey_response": 100,
        "question": 44,
        "direct_indicator_id": 46,
        "value": "4",
        "values": []
    }
},
{
    "model": "core.questionresponse",
    "pk": 102,
    "fields": {
        "survey_response": 100,
        "question": 47,
        "direct_indicator_id": 49,
        "value": "56",
        "values": []
    }
},
{
    "model": "core.questionresponse",
    "pk": 103,
    "fields": {
        "survey_response": 100,
        "question": 48,
        "direct_indicator_id": 50,
        "value": "9",
        "values": []
    }
},
{
    "model": "core.questionresponse",
    "pk": 104,
    "fields": {
        "survey_response": 100,
        "question": 49,
        "direct_indicator_id": 47,
        "value": "96300",
        "values": []
    }
},
{
    "model": "core.questionresponse",
    "pk": 105,
    "fields": {
        "survey_response": 100,
        "question": 50,
        "direct_indicator_id": 48,
        "value": "7",
        "values": []
    }
},
{
    "model": "core.questionresponse",
    "pk": 106,
    "fields": {
        "survey_response": 100,
        "question": 51,
        "direct_indicator_id": 51,
        "value": "1",
        "values": []
    }
},
{
    "model": "core.questionresponse",
    "pk": 107,
    "fields": {
        "survey_response": 101,
        "question": 43,
        "direct_indicator_id": 45,
        "value": "5",
        "values": []
    }
},
{
    "model": "core.questionresponse",
    "pk": 108,
    "fields": {
        "survey_response": 101,
        "question": 44,
        "direct_indicator_id": 46,
        "value": "1",
        "values": []
    }
},
{
    "model": "core.questionresponse",
    "pk": 109,
    "fields": {
        "survey_response": 101,
        "question": 47,
        "direct_indicator_id": 49,
        "value": "53",
        "values": []
    }
},
{
    "model": "core.questionresponse",
    "pk": 110,
    "fields": {
        "survey_response": 101,
        "question": 48,
        "direct_indicator_id": 50,
        "value": "33",
        "values": []
    }
},
{
    "model": "core.questionresponse",
    "pk": 111,
    "fields": {
        "survey_response": 101,
        "question": 49,
        "direct_indicator_id": 47,
        "value": "70500",
        "values": []
    }
},
{
    "model": "core.questionresponse",
    "pk": 112,
    "fields": {
        "survey_response": 101,
        "question": 50,
        "direct_indicator_id": 48,
        "value": "4",
        "values": []
    }
},
{
    "model": "core.questionresponse",
    "pk": 113,
    "fields": {
        "survey_response": 101,
        "question": 51,
        "direct_indicator_id": 51,
        "value": "7",
        "values": []
    }
},
{
    "model": "core.questionresponse",
    "pk": 114,
    "fields": {
        "survey_response": 102,
        "question": 43,
        "direct_indicator_id": 45,
        "value": "6",
        "values": []
    }
},
{
    "model": "core.questionresponse",
    "pk": 115,
    "fields": {
        "survey_response": 102,
        "question": 44,
        "direct_indicator_id": 46,
        "value": "9",
        "values": []
    }
},
{
    "model": "core.questionresponse",
    "pk": 116,
    "fields": {
        "survey_response": 102,
        "question": 47,
        "direct_indicator_id": 49,
        "value": "39",
        "values": []
    }
},
{
    "model": "core.questionresponse",
    "pk": 117,
    "fields": {
        "survey_response": 102,
        "question": 48,
        "direct_indicator_id": 50,
        "value": "26",
        "values": []
    }
},
{
    "model": "core.questionresponse",
    "pk": 118,
    "fields": {
        "survey_response": 102,
        "question": 49,
        "direct_indicator_id": 47,
        "value": "38400",
        "values": []
    }
},
{
    "model": "core.questionresponse",
    "pk": 119,
    "fields": {
        "survey_response": 102,
        "question": 50,
        "direct_indicator_id": 48,
        "value": "6",
        "values": []
    }
},
{
    "model": "core.questionresponse",
    "pk": 120,
    "fields": {
        "survey_response": 102,
        "question": 51,
        "direct_indicator_id": 51,
        "value": "3",
        "values": []
    }
},
{
    "model": "core.questionresponse",
    "pk": 121,
    "fields": {
        "survey_response": 103,
        "question": 43,
        "direct_indicator_id": 45,
        "value": "9",
        "values": []
    }
},
{
    "model": "core.questionresponse",
    "pk": 122,
    "fields": {
        "survey_response": 103,
        "question": 44,
        "direct_indicator_id": 46,
        "value": "4",
        "values": []
    }
},
{
    "model": "core.questionresponse",
    "pk": 123,
    "fields": {
        "survey_response": 103,
        "question": 47,
        "direct_indicator_id": 49,
        "value": "38",
        "values": []
    }
},
{
    "model": "core.questionresponse",
    "pk": 124,
    "fields": {
        "survey_response": 103,
        "question": 48,
        "direct_indicator_id": 50,
        "value": "5",
        "values": []
    }
},
{
    "model": "core.questionresponse",
    "pk": 125,
    "fields": {
        "survey_response": 103,
        "question": 49,
        "direct_indicator_id": 47,
        "value": "54900",
        "values": []
    }
},
{
    "model": "core.questionresponse",
    "pk": 126,
    "fields": {
        "survey_response": 103,
        "question": 50,
        "direct_indicator_id": 48,
        "value": "8",
        "values": []
    }
},
{
    "model": "core.questionresponse",
    "pk": 127,
    "fields": {
        "survey_response": 103,
        "question": 51,
        "direct_indicator_id": 51,
        "value": "9",
        "values": []
    }
},
{
    "model": "core.questionresponse",
    "pk": 128,
    "fields": {
        "survey_response": 104,
        "question": 43,
        "direct_indicator_id": 45,
        "value": "3",
        "values": []
    }
},
{
    "model": "core.questionresponse",
    "pk": 129,
    "fields": {
        "survey_response": 104,
        "question": 44,
        "direct_indicator_id": 46,
        "value": "4",
        "values": []
    }
},
{
    "model": "core.questionresponse",
    "pk": 130,
    "fields": {
        "survey_response": 104,
        "question": 47,
        "direct_indicator_id": 49,
        "value": "18",
        "values": []
    }
},
{
    "model": "core.questionresponse",
    "pk": 131,
    "fields": {
        "survey_response": 104,
        "question": 48,
        "direct_indicator_id": 50,
        "value": "34",
        "values": []
    }
},
{
    "model": "core.questionresponse",
    "pk": 132,
    "fields": {
        "survey_response": 104,
        "question": 49,
        "direct_indicator_id": 47,
        "value": "74000",
        "values": []
    }
},
{
    "model": "core.questionresponse",
    "pk": 133,
    "fields": {
        "survey_response": 104,
        "question": 50,
        "direct_indicator_id": 48,
        "value": "8",
        "values": []
    }
},
{
    "model": "core.questionresponse",
    "pk": 134,
    "fields": {
        "survey_response": 104,
        "question": 51,
        "direct_indicator_id": 51,
        "value": "7",
        "values": []
    }
},
{
    "model": "core.questionresponse",
    "pk": 135,
    "fields": {
        "survey_response": 105,
        "question": 43,
        "direct_indicator_id": 45,
        "value": "4",
        "values": []
    }
},
{
    "model": "core.questionresponse",
    "pk": 136,
    "fields": {
        "survey_response": 105,
        "question": 44,
        "direct_indicator_id": 46,
        "value": "1",
        "values": []
    }
},
{
    "model": "core.questionresponse",
    "pk": 137,
    "fields": {
        "survey_response": 105,
        "question": 47,
        "direct_indicator_id": 49,
        "value": "62",
        "values": []
    }
},
{
    "model": "core.questionresponse",
    "pk": 138,
    "fields": {
        "survey_response": 105,
        "question": 48,
        "direct_indicator_id": 50,
        "value": "23",
        "values": []
    }
},
{
    "model": "core.questionresponse",
    "pk": 139,
    "fields": {
        "survey_response": 105,
        "question": 49,
        "direct_indicator_id": 47,
        "value": "19300",
        "values": []
    }
},
{
    "model": "core.questionresponse",
    "pk": 140,
    "fields": {
        "survey_response": 105,
        "question": 50,
        "direct_indicator_id": 48,
        "value": "2",
        "values": []
    }
},
{
    "model": "core.questionresponse",
    "pk": 141,
    "fields": {
        "survey_response": 105,
        "question": 51,
        "direct_indicator_id": 51,
        "value": "10",
        "values": []
    }
},
{
    "model": "core.questionresponse",
    "pk": 142,
    "fields": {
        "survey_response": 106,
        "question": 43,
        "direct_indicator_id": 45,
        "value": "9",
        "values": []
    }
},
{
    "model": "core.questionresponse",
    "pk": 143,
    "fields": {
        "survey_response": 106,
        "question": 44,
        "direct_indicator_id": 46,
        "value": "9",
        "values": []
    }
},
{
    "model": "core.questionresponse",
    "pk": 144,
    "fields": {
        "survey_response": 106,
        "question": 47,
        "direct_indicator_id": 49,
        "value": "49",
        "values": []
    }
},
{
    "model": "core.questionresponse",
    "pk": 145,
    "fields": {
        "survey_response": 106,
        "question": 48,
        "direct_indicator_id": 50,
        "value": "18",
        "values": []
    }
},
{
    "model": "core.questionresponse",
    "pk": 146,
    "fields": {
        "survey_response": 106,
        "question": 49,
        "direct_indicator_id": 47,
        "value": "94400",
        "values": []
    }
},
{
    "model": "core.questionresponse",
    "pk": 147,
    "fields": {
        "survey_response": 106,
        "question": 50,
        "direct_indicator_id": 48,
        "value": "7",
        "values": []
    }
},
{
    "model": "core.questionresponse",
    "pk": 148,
    "fields": {
        "survey_response": 106,
        "question": 51,
        "direct_indicator_id": 51,
        "value": "8",
        "values": []
    }
},
{
    "model": "core.questionresponse",
    "pk": 149,
    "fields": {
        "survey_response": 107,
        "question": 43,
        "direct_indicator_id": 45,
        "value": "2",
        "values": []
    }
},
{
    "model": "core.questionresponse",
    "pk": 150,
    "fields": {
        "survey_response": 107,
        "question": 44,
        "direct_indicator_id": 46,
        "value": "5",
        "values": []
    }
},
{
    "model": "core.questionresponse",
    "pk": 151,
    "fields": {
        "survey_response": 107,
        "question": 47,
        "direct_indicator_id": 49,
        "value": "26",
        "values": []
    }
},
{
    "model": "core.questionresponse",
    "pk": 152,
    "fields": {
        "survey_response": 107,
        "question": 48,
        "direct_indicator_id": 50,
        "value": "27",
        "values": []
    }
},
{
    "model": "core.questionresponse",
    "pk": 153,
    "fields": {
        "survey_response": 107,
        "question": 49,
        "direct_indicator_id": 47,
        "value": "61300",
        "values": []
    }
},
{
    "model": "core.questionresponse",
    "pk": 154,
    "fields": {
        "survey_response": 107,
        "question": 50,
        "direct_indicator_id": 48,
        "value": "6",
        "values": []
    }
},
{
    "model": "core.questionresponse",
    "pk": 155,
    "fields": {
        "survey_response": 107,
        "question": 51,
        "direct_indicator_id": 51,
        "value": "5",
        "values": []
    }
},
{
    "model": "core.questionresponse",
    "pk": 156,
    "fields": {
        "survey_response": 108,
        "question": 43,
        "direct_indicator_id": 45,
        "value": "2",
        "values": []
    }
},
{
    "model": "core.questionresponse",
    "pk": 157,
    "fields": {
        "survey_response": 108,
        "question": 44,
        "direct_indicator_id": 46,
        "value": "5",
        "values": []
    }
},
{
    "model": "core.questionresponse",
    "pk": 158,
    "fields": {
        "survey_response": 108,
        "question": 47,
        "direct_indicator_id": 49,
        "value": "63",
        "values": []
    }
},
{
    "model": "core.questionresponse",
    "pk": 159,
    "fields": {
        "survey_response": 108,
        "question": 48,
        "direct_indicator_id": 50,
        "value": "19",
        "values": []
    }
},
{
    "model": "core.questionresponse",
    "pk": 160,
    "fields": {
        "survey_response": 108,
        "question": 49,
        "direct_indicator_id": 47,
        "value": "29800",
        "values": []
    }
},
{
    "model": "core.questionresponse",
    "pk": 161,
    "fields": {
        "survey_response": 108,
        "question": 50,
        "direct_indicator_id": 48,
        "value": "1",
        "values": []
    }
},
{
    "model": "core.questionresponse",
    "pk": 162,
    "fields": {
        "survey_response": 108,
        "question": 51,
        "direct_indicator_id": 51,
        "value": "1",
        "values": []
    }
},
{
    "model": "core.questionresponse",
    "pk": 163,
    "fields": {
        "survey_response": 109,
        "question": 43,
        "direct_indicator_id": 45,
        "value": "3",
        "values": []
    }
},
{
    "model": "core.questionresponse",
    "pk": 164,
    "fields": {
        "survey_response": 109,
        "question": 44,
        "direct_indicator_id": 46,
        "value": "1",
        "values": []
    }
},
{
    "model": "core.questionresponse",
    "pk": 165,
    "fields": {
        "survey_response": 109,
        "question": 47,
        "direct_indicator_id": 49,
        "value": "57",
        "values": []
    }
},
{
    "model": "core.questionresponse",
    "pk": 166,
    "fields": {
        "survey_response": 109,
        "question": 48,
        "direct_indicator_id": 50,
        "value": "18",
        "values": []
    }
},
{
    "model": "core.questionresponse",
    "pk": 167,
    "fields": {
        "survey_response": 109,
        "question": 49,
        "direct_indicator_id": 47,
        "value": "89500",
        "values": []
    }
},
{
    "model": "core.questionresponse",
    "pk": 168,
    "fields": {
        "survey_response": 109,
        "question": 50,
        "direct_indicator_id": 48,
        "value": "7",
        "values": []
    }
},
{
    "model": "core.questionresponse",
    "pk": 169,
    "fields": {
        "survey_response": 109,
        "question": 51,
        "direct_indicator_id": 51,
        "value": "7",
        "values": []
    }
},
{
    "model": "core.questionresponse",
    "pk": 170,
    "fields": {
        "survey_response": 110,
        "question": 43,
        "direct_indicator_id": 45,
        "value": "7",
        "values": []
    }
},
{
    "model": "core.questionresponse",
    "pk": 171,
    "fields": {
        "survey_response": 110,
        "question": 44,
        "direct_indicator_id": 46,
        "value": "1",
        "values": []
    }
},
{
    "model": "core.questionresponse",
    "pk": 172,
    "fields": {
        "survey_response": 110,
        "question": 47,
        "direct_indicator_id": 49,
        "value": "46",
        "values": []
    }
},
{
    "model": "core.questionresponse",
    "pk": 173,
    "fields": {
        "survey_response": 110,
        "question": 48,
        "direct_indicator_id": 50,
        "value": "32",
        "values": []
    }
},
{
    "model": "core.questionresponse",
    "pk": 174,
    "fields": {
        "survey_response": 110,
        "question": 49,
        "direct_indicator_id": 47,
        "value": "44500",
        "values": []
    }
},
{
    "model": "core.questionresponse",
    "pk": 175,
    "fields": {
        "survey_response": 110,
        "question": 50,
        "direct_indicator_id": 48,
        "value": "6",
        "values": []
    }
},
{
    "model": "core.questionresponse",
    "pk": 176,
    "fields": {
        "survey_response": 110,
        "question": 51,
        "direct_indicator_id": 51,
        "value": "8",
        "values": []
    }
},
{
    "model": "core.questionresponse",
    "pk": 177,
    "fields": {
        "survey_response": 111,
        "question": 43,
        "direct_indicator_id": 45,
        "value": "10",
        "values": []
    }
},
{
    "model": "core.questionresponse",
    "pk": 178,
    "fields": {
        "survey_response": 111,
        "question": 44,
        "direct_indicator_id": 46,
        "value": "2",
        "values": []
    }
},
{
    "model": "core.questionresponse",
    "pk": 179,
    "fields": {
        "survey_response": 111,
        "question": 47,
        "direct_indicator_id": 49,
        "value": "19",
        "values": []
    }
},
{
    "model": "core.questionresponse",
    "pk": 180,
    "fields": {
        "survey_response": 111,
        "question": 48,
        "direct_indicator_id": 50,
        "value": "4",
        "values": []
    }
},
{
    "model": "core.questionresponse",
    "pk": 181,
    "fields": {
        "survey_response": 111,
        "question": 49,
        "direct_indicator_id": 47,
        "value": "109500",
        "values": []
    }
},
{
    "model": "core.questionresponse",
    "pk": 182,
    "fields": {
        "survey_response": 111,
        "question": 50,
        "direct_indicator_id": 48,
        "value": "2",
        "values": []
    }
},
{
    "model": "core.questionresponse",
    "pk": 183,
    "fields": {
        "survey_response": 111,
        "question": 51,
        "direct_indicator_id": 51,
        "value": "3",
        "values": []
    }
},
{
    "model": "core.questionresponse",
    "pk": 184,
    "fields": {
        "survey_response": 112,
        "question": 43,
        "direct_indicator_id": 45,
        "value": "6",
        "values": []
    }
},
{
    "model": "core.questionresponse",
    "pk": 185,
    "fields": {
        "survey_response": 112,
        "question": 44,
        "direct_indicator_id": 46,
        "value": "7",
        "values": []
    }
},
{
    "model": "core.questionresponse",
    "pk": 186,
    "fields": {
        "survey_response": 112,
        "question": 47,
        "direct_indicator_id": 49,
        "value": "40",
        "values": []
    }
},
{
    "model": "core.questionresponse",
    "pk": 187,
    "fields": {
        "survey_response": 112,
        "question": 48,
        "direct_indicator_id": 50,
        "value": "17",
        "values": []
    }
},
{
    "model": "core.questionresponse",
    "pk": 188,
    "fields": {
        "survey_response": 112,
        "question": 49,
        "direct_indicator_id": 47,
        "value": "111100",
        "values": []
    }
},
{
    "model": "core.questionresponse",
    "pk": 189,
    "fields": {
        "survey_response": 112,
        "question": 50,
        "direct_indicator_id": 48,
        "value": "6",
        "values": []
    }
},
{
    "model": "core.questionresponse",
    "pk": 190,
    "fields": {
        "survey_response": 112,
        "question": 51,
        "direct_indicator_id": 51,
        "value": "10",
        "values": []
    }
},
{
    "model": "core.questionresponse",
    "pk": 191,
    "fields": {
        "survey_response": 113,
        "question": 43,
        "direct_indicator_id": 45,
        "value": "9",
        "values": []
    }
},
{
    "model": "core.questionresponse",
    "pk": 192,
    "fields": {
        "survey_response": 113,
        "question": 44,
        "direct_indicator_id": 46,
        "value": "2",
        "values": []
    }
},
{
    "model": "core.questionresponse",
    "pk": 193,
    "fields": {
        "survey_response": 113,
        "question": 47,
        "direct_indicator_id": 49,
        "value": "65",
        "values": []
    }
},
{
    "model": "core.questionresponse",
    "pk": 194,
    "fields": {
        "survey_response": 113,
        "question": 48,
        "direct_indicator_id": 50,
        "value": "20",
        "values": []
    }
},
{
    "model": "core.questionresponse",
    "pk": 195,
    "fields": {
        "survey_response": 113,
        "question": 49,
        "direct_indicator_id": 47,
        "value": "61900",
        "values": []
    }
},
{
    "model": "core.questionresponse",
    "pk": 196,
    "fields": {
        "survey_response": 113,
        "question": 50,
        "direct_indicator_id": 48,
        "value": "5",
        "values": []
    }
},
{
    "model": "core.questionresponse",
    "pk": 197,
    "fields": {
        "survey_response": 113,
        "question": 51,
        "direct_indicator_id": 51,
        "value": "1",
        "values": []
    }
},
{
    "model": "core.questionresponse",
    "pk": 198,
    "fields": {
        "survey_response": 114,
        "question": 43,
        "direct_indicator_id": 45,
        "value": "8",
        "values": []
    }
},
{
    "model": "core.questionresponse",
    "pk": 199,
    "fields": {
        "survey_response": 114,
        "question": 44,
        "direct_indicator_id": 46,
        "value": "2",
        "values": []
    }
},
{
    "model": "core.questionresponse",
    "pk": 200,
    "fields": {
        "survey_response": 114,
        "question": 47,
        "direct_indicator_id": 49,
        "value": "50",
        "values": []
    }
},
{
    "model": "core.questionresponse",
    "pk": 201,
    "fields": {
        "survey_response": 114,
        "question": 48,
        "direct_indicator_id": 50,
        "value": "13",
        "values": []
    }
},
{
    "model": "core.questionresponse",
    "pk": 202,
    "fields": {
        "survey_response": 114,
        "question": 49,
        "direct_indicator_id": 47,
        "value": "63100",
        "values": []
    }
},
{
    "model": "core.questionresponse",
    "pk": 203,
    "fields": {
        "survey_response": 114,
        "question": 50,
        "direct_indicator_id": 48,
        "value": "9",
        "values": []
    }
},
{
    "model": "core.questionresponse",
    "pk": 204,
    "fields": {
        "survey_response": 114,
        "question": 51,
        "direct_indicator_id": 51,
        "value": "1",
        "values": []
    }
},
{
    "model": "core.questionresponse",
    "pk": 205,
    "fields": {
        "survey_response": 115,
        "question": 43,
        "direct_indicator_id": 45,
        "value": "3",
        "values": []
    }
},
{
    "model": "core.questionresponse",
    "pk": 206,
    "fields": {
        "survey_response": 115,
        "question": 44,
        "direct_indicator_id": 46,
        "value": "2",
        "values": []
    }
},
{
    "model": "core.questionresponse",
    "pk": 207,
    "fields": {
        "survey_response": 115,
        "question": 47,
        "direct_indicator_id": 49,
        "value": "34",
        "values": []
    }
},
{
    "model": "core.questionresponse",
    "pk": 208,
    "fields": {
        "survey_response": 115,
        "question": 48,
        "direct_indicator_id": 50,
        "value": "28",
        "values": []
    }
},
{
    "model": "core.questionresponse",
    "pk": 209,
    "fields": {
        "survey_response": 115,
        "question": 49,
        "direct_indicator_id": 47,
        "value": "14000",
        "values": []
    }
},
{
    "model": "core.questionresponse",
    "pk": 210,
    "fields": {
        "survey_response": 115,
        "question": 50,
        "direct_indicator_id": 48,
        "value": "10",
        "values": []
    }
},
{
    "model": "core.questionresponse",
    "pk": 211,
    "fields": {
        "survey_response": 115,
        "question": 51,
        "direct_indicator_id": 51,
        "value": "2",
        "values": []
    }
},
{
    "model": "core.questionresponse",
    "pk": 212,
    "fields": {
        "survey_response": 116,
        "question": 43,
        "direct_indicator_id": 45,
        "value": "9",
        "values": []
    }
},
{
    "model": "core.questionresponse",
    "pk": 213,
    "fields": {
        "survey_response": 116,
        "question": 44,
        "direct_indicator_id": 46,
        "value": "1",
        "values": []
    }
},
{
    "model": "core.questionresponse",
    "pk": 214,
    "fields": {
        "survey_response": 116,
        "question": 47,
        "direct_indicator_id": 49,
        "value": "61",
        "values": []
    }
},
{
    "model": "core.questionresponse",
    "pk": 215,
    "fields": {
        "survey_response": 116,
        "question": 48,
        "direct_indicator_id": 50,
        "value": "1",
        "values": []
    }
},
{
    "model": "core.questionresponse",
    "pk": 216,
    "fields": {
        "survey_response": 116,
        "question": 49,
        "direct_indicator_id": 47,
        "value": "25600",
        "values": []
    }
},
{
    "model": "core.questionresponse",
    "pk": 217,
    "fields": {
        "survey_response": 116,
        "question": 50,
        "direct_indicator_id": 48,
        "value": "9",
        "values": []
    }
},
{
    "model": "core.questionresponse",
    "pk": 218,
    "fields": {
        "survey_response": 116,
        "question": 51,
        "direct_indicator_id": 51,
        "value": "8",
        "values": []
    }
},
{
    "model": "core.questionresponse",
    "pk": 219,
    "fields": {
        "survey_response": 117,
        "question": 43,
        "direct_indicator_id": 45,
        "value": "3",
        "values": []
    }
},
{
    "model": "core.questionresponse",
    "pk": 220,
    "fields": {
        "survey_response": 117,
        "question": 44,
        "direct_indicator_id": 46,
        "value": "10",
        "values": []
    }
},
{
    "model": "core.questionresponse",
    "pk": 221,
    "fields": {
        "survey_response": 117,
        "question": 47,
        "direct_indicator_id": 49,
        "value": "35",
        "values": []
    }
},
{
    "model": "core.questionresponse",
    "pk": 222,
    "fields": {
        "survey_response": 117,
        "question": 48,
        "direct_indicator_id": 50,
        "value": "28",
        "values": []
    }
},
{
    "model": "core.questionresponse",
    "pk": 223,
    "fields": {
        "survey_response": 117,
        "question": 49,
        "direct_indicator_id": 47,
        "value": "103300",
        "values": []
    }
},
{
    "model": "core.questionresponse",
    "pk": 224,
    "fields": {
        "survey_response": 117,
        "question": 50,
        "direct_indicator_id": 48,
        "value": "9",
        "values": []
    }
},
{
    "model": "core.questionresponse",
    "pk": 225,
    "fields": {
        "survey_response": 117,
        "question": 51,
        "direct_indicator_id": 51,
        "value": "4",
        "values": []
    }
},
{
    "model": "core.questionresponse",
    "pk": 226,
    "fields": {
        "survey_response": 118,
        "question": 43,
        "direct_indicator_id": 45,
        "value": "7",
        "values": []
    }
},
{
    "model": "core.questionresponse",
    "pk": 227,
    "fields": {
        "survey_response": 118,
        "question": 44,
        "direct_indicator_id": 46,
        "value": "1",
        "values": []
    }
},
{
    "model": "core.questionresponse",
    "pk": 228,
    "fields": {
        "survey_response": 118,
        "question": 47,
        "direct_indicator_id": 49,
        "value": "38",
        "values": []
    }
},
{
    "model": "core.questionresponse",
    "pk": 229,
    "fields": {
        "survey_response": 118,
        "question": 48,
        "direct_indicator_id": 50,
        "value": "32",
        "values": []
    }
},
{
    "model": "core.questionresponse",
    "pk": 230,
    "fields": {
        "survey_response": 118,
        "question": 49,
        "direct_indicator_id": 47,
        "value": "11100",
        "values": []
    }
},
{
    "model": "core.questionresponse",
    "pk": 231,
    "fields": {
        "survey_response": 118,
        "question": 50,
        "direct_indicator_id": 48,
        "value": "9",
        "values": []
    }
},
{
    "model": "core.questionresponse",
    "pk": 232,
    "fields": {
        "survey_response": 118,
        "question": 51,
        "direct_indicator_id": 51,
        "value": "7",
        "values": []
    }
},
{
    "model": "core.questionresponse",
    "pk": 233,
    "fields": {
        "survey_response": 119,
        "question": 43,
        "direct_indicator_id": 45,
        "value": "1",
        "values": []
    }
},
{
    "model": "core.questionresponse",
    "pk": 234,
    "fields": {
        "survey_response": 119,
        "question": 44,
        "direct_indicator_id": 46,
        "value": "3",
        "values": []
    }
},
{
    "model": "core.questionresponse",
    "pk": 235,
    "fields": {
        "survey_response": 119,
        "question": 47,
        "direct_indicator_id": 49,
        "value": "31",
        "values": []
    }
},
{
    "model": "core.questionresponse",
    "pk": 236,
    "fields": {
        "survey_response": 119,
        "question": 48,
        "direct_indicator_id": 50,
        "value": "30",
        "values": []
    }
},
{
    "model": "core.questionresponse",
    "pk": 237,
    "fields": {
        "survey_response": 119,
        "question": 49,
        "direct_indicator_id": 47,
        "value": "68300",
        "values": []
    }
},
{
    "model": "core.questionresponse",
    "pk": 238,
    "fields": {
        "survey_response": 119,
        "question": 50,
        "direct_indicator_id": 48,
        "value": "2",
        "values": []
    }
},
{
    "model": "core.questionresponse",
    "pk": 239,
    "fields": {
        "survey_response": 119,
        "question": 51,
        "direct_indicator_id": 51,
        "value": "2",
        "values": []
    }
},
{
    "model": "core.indirectindicator",
    "pk": 20,
    "fields": {
        "topic": 9,
        "method": 2,
        "key": "sustainability_course_offerings_score",
        "formula": "(40*([sustainability_focused_courses]/ [total_courses])) + (40*([sustainability_inclusive_courses] / [total_courses]))",
        "name": "Sustainability course offerings score",
        "description": null,
        "pre_unit": "",
        "post_unit": "",
        "datatype": "text",
        "type": "SCORING"
    }
},
{
    "model": "core.indirectindicator",
    "pk": 21,
    "fields": {
        "topic": 9,
        "method": 2,
        "key": "department_sustainability_course_offerings_score",
        "formula": "6.67*([departments_with_sustainability_courses]/ [total_departments])",
        "name": "Departments offering sustainability courses score",
        "description": null,
        "pre_unit": "",
        "post_unit": "",
        "datatype": "text",
        "type": "SCORING"
    }
},
{
    "model": "core.indirectindicator",
    "pk": 22,
    "fields": {
        "topic": 11,
        "method": 2,
        "key": "graduates_understanding_sustainability_score",
        "formula": "8 * ([graduates_understanding_sustainability] / [total_graduates])",
        "name": "Graduates understanding sustainability score",
        "description": null,
        "pre_unit": "",
        "post_unit": "",
        "datatype": "text",
        "type": "SCORING"
    }
},
{
    "model": "core.indirectindicator",
    "pk": 23,
    "fields": {
        "topic": 12,
        "method": 2,
        "key": "culture_sustainability_assessment_score",
        "formula": "IF ([culture_sustainability_assessment_entire_campus] == \"yes\") AND ([culture_sustainability_assessment_longitudinally] == \"yes\") THEN [culture_sustainability_assessment_score] = 2*0.5ELSE IF ([culture_sustainability_assessment_entire_campus] == \"yes\" AND [culture_sustainability_assessment_longitudinally] == \"no\")THEN [culture_sustainability_assessment_score] = 0.5ELSE IF ([culture_sustainability_assessment_subset_campus] == \"yes\" AND [culture_sustainability_assessment_longitudinally] == \"yes\")THEN [culture_sustainability_assessment_score] = 2*0.25ELSE IF ([culture_sustainability_assessment_subset_campus] == \"yes\" AND [culture_sustainability_assessment_longitudinally] == \"no\")THEN [culture_sustainability_assessment_score] = 0.25",
        "name": "Score of sustainability culture assessment",
        "description": null,
        "pre_unit": "",
        "post_unit": "",
        "datatype": "text",
        "type": "SCORING"
    }
},
{
    "model": "core.indirectindicator",
    "pk": 24,
    "fields": {
        "topic": 13,
        "method": 2,
        "key": "building_design_and_construction_score",
        "formula": "(([building_area_highest_level_GCB_certified] / [total_area]) * 3) + (([building_area_second_highest_level_GCB_certified] / [total_area]) * 2.5) +(([building_area_mid_level_GCB_certified] / [total_area]) * 2.25) +(([building_area_step_above_minumum_level_GCB_certified] / [total_area]) * 2) +(([building_area_minumum_level_GCB_certified] / [total_area]) * 1.5) +(([building_area_any_level_non-GCB_certified] / [total_area]) * 1.5) +(([building_area_multi-attribute_designed_and_built] / [total_area]) * 1.25) +(([building_area_single-attribute_designed_and_built] / [total_area]) * 0.625)",
        "name": "Score for designing and constructing the building",
        "description": null,
        "pre_unit": "",
        "post_unit": "",
        "datatype": "text",
        "type": "SCORING"
    }
},
{
    "model": "core.indirectindicator",
    "pk": 25,
    "fields": {
        "topic": 14,
        "method": 2,
        "key": "imported_green_power_MMBtu",
        "formula": "0.003412 * [imported_green_power]",
        "name": "Imported green power in MMBtu",
        "description": null,
        "pre_unit": "",
        "post_unit": "",
        "datatype": "text",
        "type": "SCORING"
    }
},
{
    "model": "core.indirectindicator",
    "pk": 26,
    "fields": {
        "topic": 14,
        "method": 2,
        "key": "on-site_renewables_MMBtu",
        "formula": "0.003412 * [on-site_renewables]",
        "name": "Electricity from on-site, clean and renewable sources in MMBtu",
        "description": "",
        "pre_unit": "",
        "post_unit": "",
        "datatype": "text",
        "type": "SCORING"
    }
},
{
    "model": "core.indirectindicator",
    "pk": 27,
    "fields": {
        "topic": 14,
        "method": 2,
        "key": "purchased_RECs/GOs/I-RECs_MMBtu",
        "formula": "0.003412 * [purchased_RECs/GOs/I-RECs]",
        "name": "Purchased RECs, GOs, I-RECs or equivalent unbundled renewable energy products certified by a third part in MMBtu",
        "description": null,
        "pre_unit": "",
        "post_unit": "",
        "datatype": "text",
        "type": "SCORING"
    }
},
{
    "model": "core.indirectindicator",
    "pk": 28,
    "fields": {
        "topic": 14,
        "method": 2,
        "key": "imported_green_power_score",
        "formula": "4 * ([imported_green_power_MMBtu] / [total_energy_consumption])",
        "name": "Imported green power score",
        "description": null,
        "pre_unit": "",
        "post_unit": "",
        "datatype": "text",
        "type": "SCORING"
    }
},
{
    "model": "core.indirectindicator",
    "pk": 29,
    "fields": {
        "topic": 14,
        "method": 2,
        "key": "on-site_renewables_score",
        "formula": "4 * ([on-site_renewables_MMBtu] / [total_energy_consumption])",
        "name": "Electricity from on-site, clean and renewable sources score",
        "description": "",
        "pre_unit": "",
        "post_unit": "",
        "datatype": "text",
        "type": "SCORING"
    }
},
{
    "model": "core.indirectindicator",
    "pk": 30,
    "fields": {
        "topic": 14,
        "method": 2,
        "key": "clean_renewable_fuels_thermal_energy_score",
        "formula": "4 * ([clean_renewable_fuels_thermal_energy] / [total_energy_consumption])",
        "name": "Clean and renewable stationary fuels used on-site to generate thermal energy score",
        "description": null,
        "pre_unit": "",
        "post_unit": "",
        "datatype": "text",
        "type": "SCORING"
    }
},
{
    "model": "core.indirectindicator",
    "pk": 31,
    "fields": {
        "topic": 14,
        "method": 2,
        "key": "imported_clean_renewable_thermal_energy_score",
        "formula": "4 * ([imported_clean_renewable_thermal_energy] / [total_energy_consumption])",
        "name": "Imported steam, hot water, and/or chilled water from certified/verified clean and renewable sources score",
        "description": null,
        "pre_unit": "",
        "post_unit": "",
        "datatype": "text",
        "type": "SCORING"
    }
},
{
    "model": "core.indirectindicator",
    "pk": 32,
    "fields": {
        "topic": 14,
        "method": 2,
        "key": "purchased_RECs/GOs/I-RECs_score",
        "formula": "4 * ([purchased_RECs/GOs/I-RECs_MMBtu] / [total_energy_consumption])",
        "name": "Purchased RECs, GOs, I-RECs or equivalent unbundled renewable energy products certified by a third part score",
        "description": null,
        "pre_unit": "",
        "post_unit": "",
        "datatype": "text",
        "type": "SCORING"
    }
},
{
    "model": "core.indirectindicator",
    "pk": 33,
    "fields": {
        "topic": 14,
        "method": 2,
        "key": "energy_score",
        "formula": "[imported_green_power_score] + [on-site_renewables_score] + [clean_renewable_fuels_thermal_energy_score] + [imported_clean_renewable_thermal_energy_score] + [purchased_RECs/GOs/I-RECs_score]",
        "name": "Energy consumption score",
        "description": null,
        "pre_unit": "",
        "post_unit": "",
        "datatype": "text",
        "type": "SCORING"
    }
},
{
    "model": "core.indirectindicator",
    "pk": 34,
    "fields": {
        "topic": 7,
        "method": 2,
        "key": "total_score",
        "formula": "[energy_score]+[sustainability_course_offerings_score]+[building_design_and_construction_score]+[culture_sustainability_assessment_score]+[graduates_understanding_sustainability_score]+[department_sustainability_course_offerings_score]",
        "name": "Total assessment score",
        "description": null,
        "pre_unit": "",
        "post_unit": "",
        "datatype": "text",
        "type": "SCORING"
    }
},
{
    "model": "core.indirectindicator",
    "pk": 35,
    "fields": {
        "topic": 7,
        "method": 2,
        "key": "recognition_level",
        "formula": "\"IF ([total_score] >= 25) THEN [recognition_level]=\"Bronze\" ELSE IF ([total_score] >= 45) THEN [recognition_level]=\"Silver\"ELSE IF ([total_score] >= 65) THEN [recognition_level]=\"Gold\"\nELSE IF ([total_score] >= 85) THEN [recognition_level]=\"Platinum\"\nELSE [recognition_level]=\"Reporter\"\"",
        "name": "Recognition level",
        "description": null,
        "pre_unit": "",
        "post_unit": "",
        "datatype": "text",
        "type": "SCORING"
    }
},
{
    "model": "core.indirectindicator",
    "pk": 36,
    "fields": {
        "topic": 16,
        "method": 3,
        "key": "total_staff",
        "formula": "[women_staff]+[men_staff]",
        "name": "Total staff",
        "description": "The total staff in terms of full time employees",
        "pre_unit": "",
        "post_unit": "persons",
        "datatype": "text",
        "type": "performance"
    }
},
{
    "model": "core.indirectindicator",
    "pk": 37,
    "fields": {
        "topic": 16,
        "method": 3,
        "key": "company_size",
        "formula": "IF([total_staff]<10) THEN [company_size]=\"micro\" ELSE IF ([total_staff]<49) THEN [company_size]=\"small\" ELSE IF([total_staff]<249) THEN [company_size]=\"medium\" ELSE [company_size]=\"large",
        "name": "Company size",
        "description": "The size of the company based on the number of full time employees",
        "pre_unit": "",
        "post_unit": "",
        "datatype": "text",
        "type": "performance"
    }
},
{
    "model": "core.indirectindicator",
    "pk": 38,
    "fields": {
        "topic": 17,
        "method": 3,
        "key": "gender_ratio",
        "formula": "[women_staff]/[total_staff]",
        "name": "Gender ratio",
        "description": "The gender ratio",
        "pre_unit": "",
        "post_unit": "",
        "datatype": "text",
        "type": "performance"
    }
},
{
    "model": "core.indirectindicator",
    "pk": 39,
    "fields": {
        "topic": 17,
        "method": 3,
        "key": "gender_pay_gap",
        "formula": "[average_salary_women] / [average_salary_men]",
        "name": "Gender pay gap",
        "description": "The gender pay gap",
        "pre_unit": "",
        "post_unit": "",
        "datatype": "text",
        "type": "performance"
    }
},
{
    "model": "core.indirectindicator",
    "pk": 40,
    "fields": {
        "topic": 17,
        "method": 3,
        "key": "gender_decision_making_ratio",
        "formula": "[women_staff_deciding] / ([women_staff_deciding] + [men_staff_deciding])",
        "name": "Gender decision making ratio",
        "description": "The gender decision making ratio",
        "pre_unit": "",
        "post_unit": "",
        "datatype": "text",
        "type": "performance"
    }
},
{
    "model": "core.indirectindicator",
    "pk": 41,
    "fields": {
        "topic": 17,
        "method": 3,
        "key": "gender_ratio_score",
        "formula": "IF ([gender_ratio]<0.15) THEN ([gender_ratio_score]=0) ELSE IF ([gender_ratio]<0.85) THEN ([gender_ratio_score]=(10*[gender_ratio]-0.15) / (0.85-0.15)) ELSE ([gender_ratio_score] = 10)",
        "name": "Gender ratio score",
        "description": "The gender ratio score",
        "pre_unit": "",
        "post_unit": "points",
        "datatype": "text",
        "type": "scoring"
    }
},
{
    "model": "core.indirectindicator",
    "pk": 42,
    "fields": {
        "topic": 17,
        "method": 3,
        "key": "gender_pay_gap_score",
        "formula": "abs(10/[gender_pay_gap])",
        "name": "Gender pay gap score",
        "description": "Gender pay gap score",
        "pre_unit": "",
        "post_unit": "points",
        "datatype": "text",
        "type": "scoring"
    }
},
{
    "model": "core.indirectindicator",
    "pk": 43,
    "fields": {
        "topic": 17,
        "method": 3,
        "key": "gender_decision_making_ratio_score",
        "formula": "IF ([gender_decision_making_ratio] < 0.3) OR ([gender_decision_making_ratio] >0.7) THEN ([gender_decision_making_ratio_score] = 0) ELSE ([gender_decision_making_ratio_score]=10)",
        "name": "Gender decision making score",
        "description": "Gender decision making score",
        "pre_unit": "",
        "post_unit": "points",
        "datatype": "text",
        "type": "scoring"
    }
},
{
    "model": "core.indirectindicator",
    "pk": 44,
    "fields": {
        "topic": 17,
        "method": 3,
        "key": "gender_equity_score",
        "formula": "(0.35*[gender_ratio_score]+(0.45*[gender_pay_gap_score]+0.2*[gender_decision_making_ratio_score]))",
        "name": "Gender equity score",
        "description": "Gender equity score",
        "pre_unit": "",
        "post_unit": "points",
        "datatype": "text",
        "type": "scoring"
    }
},
{
    "model": "core.indirectindicator",
    "pk": 45,
    "fields": {
        "topic": 19,
        "method": 3,
        "key": "decision_making_ratio",
        "formula": "([women_staff_deciding] + [men_staff_deciding]) / ([men_staff] + [women_staff])",
        "name": "Decision making ratio",
        "description": "Decision making ratio",
        "pre_unit": "",
        "post_unit": "",
        "datatype": "text",
        "type": "performance"
    }
},
{
    "model": "core.indirectindicator",
    "pk": 46,
    "fields": {
        "topic": 19,
        "method": 3,
        "key": "average_employee_satisfaction",
        "formula": "avg([employee_satisfaction])",
        "name": "Average employee satisfaction",
        "description": "Average employee satisfaction",
        "pre_unit": "",
        "post_unit": "",
        "datatype": "text",
        "type": "performance"
    }
},
{
    "model": "core.indirectindicator",
    "pk": 47,
    "fields": {
        "topic": 19,
        "method": 3,
        "key": "average_employee_inclusion_opinion",
        "formula": "avg([employee_opinion_on_inclusiveness])",
        "name": "Average employee opinion on inclusion",
        "description": "Average employee opinion on inclusion",
        "pre_unit": "",
        "post_unit": "",
        "datatype": "text",
        "type": "performance"
    }
},
{
    "model": "core.indirectindicator",
    "pk": 48,
    "fields": {
        "topic": 19,
        "method": 3,
        "key": "public_salaries_score",
        "formula": "IF ([public_salaries] == \"yes\") THEN [public_salaries_score] = 10 ELSE [public_salaries_score] = 0",
        "name": "Public salaries score",
        "description": "Public salaries score",
        "pre_unit": "",
        "post_unit": "",
        "datatype": "text",
        "type": "scoring"
    }
},
{
    "model": "core.indirectindicator",
    "pk": 49,
    "fields": {
        "topic": 19,
        "method": 3,
        "key": "decision_making_ratio_score",
        "formula": "IF ([company_type]==\"cooperative\") THEN IF ([decision_making_ratio]<0.6) THEN ([decision_making_ratio_score]=0) ELSE ([decision_making_ratio_score]=10) ELSE IF ([decision_making_ratio]<0.3) THEN [decision_making_ratio_score]=0 ELSE [decision_making_ratio_score]=10",
        "name": "Decision making ratio score",
        "description": "Decision making ratio score",
        "pre_unit": "",
        "post_unit": "",
        "datatype": "text",
        "type": "scoring"
    }
},
{
    "model": "core.indirectindicator",
    "pk": 51,
    "fields": {
        "topic": 19,
        "method": 3,
        "key": "workplace_quality_score",
        "formula": "IF([company_size]==\"micro\") OR ([company_size]==\"small\") THEN [workplace_quality_score]=(0.3*[public_salaries_score] + 0.3*[decision_making_ratio_score] + 0.4*[average_employee_satisfaction]) ELSE IF ([company_size] ==\"medium\") OR ([company_size] ==\"large\") THEN [workplace_quality_score] = ((0.4*[public_salaries_score]) + (0.2 * [decision_making_ratio_score]) + (0.4 * [average_employee_satisfaction]))",
        "name": "Workplace quality score",
        "description": "Workplace quality score",
        "pre_unit": "",
        "post_unit": "points",
        "datatype": "text",
        "type": "scoring"
    }
},
{
    "model": "core.indirectindicator",
    "pk": 52,
    "fields": {
        "topic": 20,
        "method": 3,
        "key": "certification_bronze",
        "formula": "IF([workplace_quality_score]>50)THEN[certification_bronze]=\"true\" ELSE [certification_bronze]=\"false",
        "name": "Certification Bronze",
        "description": "This indicator determines whether a company should receive a bronze certification",
        "pre_unit": "",
        "post_unit": "",
        "datatype": "text",
        "type": "scoring"
    }
},
{
    "model": "core.indirectindicator",
    "pk": 53,
    "fields": {
        "topic": 20,
        "method": 3,
        "key": "certification_silver",
        "formula": "IF([workplace_quality_score]>80)THEN[certification_silver]=\"true\" ELSE [certification_silver]=\"false",
        "name": "Certification Silver",
        "description": "This indicator determines whether a company should receive a silver certification",
        "pre_unit": "",
        "post_unit": "",
        "datatype": "text",
        "type": "performance"
    }
},
{
    "model": "core.indirectindicator",
    "pk": 54,
    "fields": {
        "topic": 20,
        "method": 3,
        "key": "certification_gold",
        "formula": "IF([workplace_quality_score]>100)THEN[certification_gold]=\"true\" ELSE [certification_gold]=\"false",
        "name": "Certification Gold",
        "description": "This indicator determines whether a company should receive a gold certification",
        "pre_unit": "",
        "post_unit": "",
        "datatype": "text",
        "type": "performance"
    }
},
{
    "model": "core.campaign",
    "pk": 1,
    "fields": {
        "created_by": null,
        "network": 2,
        "method": 2,
        "required": true,
        "name": "Campaign 2021",
        "image": "campaign/campaign-default.png",
        "year": 2021,
        "open_survey_date": "2021-10-22T16:55:00.300Z",
        "close_survey_date": "2021-11-21T17:51:00.300Z",
        "close_validation_date": "2021-12-05T17:51:00.300Z"
    }
},
{
    "model": "core.campaign",
    "pk": 2,
    "fields": {
        "created_by": null,
        "network": 2,
        "method": 3,
        "required": true,
        "name": "Campaign newmethod 2021",
        "image": "campaign/campaign-default.png",
        "year": 2021,
        "open_survey_date": "2021-10-25T13:25:58.959Z",
        "close_survey_date": "2021-11-24T14:19:58.959Z",
        "close_validation_date": "2021-12-08T14:19:58.959Z"
    }
},
{
    "model": "core.surveyresponse",
    "pk": 1,
    "fields": {
        "survey": 5,
        "esea_account": 1,
        "respondent": 1,
        "token": "accountant",
        "finished": true
    }
},
{
    "model": "core.surveyresponse",
    "pk": 2,
    "fields": {
        "survey": 5,
        "esea_account": 2,
        "respondent": 2,
        "token": "accountant",
        "finished": false
    }
},
{
    "model": "core.surveyresponse",
    "pk": 4,
    "fields": {
        "survey": 6,
        "esea_account": 4,
        "respondent": 4,
        "token": "accountant",
        "finished": true
    }
},
{
    "model": "core.surveyresponse",
    "pk": 5,
    "fields": {
        "survey": 8,
        "esea_account": 4,
        "respondent": 4,
        "token": "accountant",
        "finished": true
    }
},
{
    "model": "core.surveyresponse",
    "pk": 6,
    "fields": {
        "survey": 6,
        "esea_account": 5,
        "respondent": 5,
        "token": "accountant",
        "finished": true
    }
},
{
    "model": "core.surveyresponse",
    "pk": 7,
    "fields": {
        "survey": 8,
        "esea_account": 5,
        "respondent": 5,
        "token": "accountant",
        "finished": true
    }
},
{
    "model": "core.surveyresponse",
    "pk": 46,
    "fields": {
        "survey": 7,
        "esea_account": 4,
        "respondent": 48,
        "token": "PIwRhgeIAj",
        "finished": true
    }
},
{
    "model": "core.surveyresponse",
    "pk": 100,
    "fields": {
        "survey": 7,
        "esea_account": 6,
        "respondent": 100,
        "token": "vbwAcSfNnc",
        "finished": true
    }
},
{
    "model": "core.surveyresponse",
    "pk": 101,
    "fields": {
        "survey": 7,
        "esea_account": 6,
        "respondent": 101,
        "token": "UxmPkGQBoc",
        "finished": true
    }
},
{
    "model": "core.surveyresponse",
    "pk": 102,
    "fields": {
        "survey": 7,
        "esea_account": 6,
        "respondent": 102,
        "token": "uqcIJMfhBj",
        "finished": true
    }
},
{
    "model": "core.surveyresponse",
    "pk": 103,
    "fields": {
        "survey": 7,
        "esea_account": 6,
        "respondent": 103,
        "token": "ZgBnsSFZfx",
        "finished": true
    }
},
{
    "model": "core.surveyresponse",
    "pk": 104,
    "fields": {
        "survey": 7,
        "esea_account": 6,
        "respondent": 104,
        "token": "nbCJIeVzoz",
        "finished": true
    }
},
{
    "model": "core.surveyresponse",
    "pk": 105,
    "fields": {
        "survey": 7,
        "esea_account": 6,
        "respondent": 105,
        "token": "JFGtPGYJVF",
        "finished": true
    }
},
{
    "model": "core.surveyresponse",
    "pk": 106,
    "fields": {
        "survey": 7,
        "esea_account": 6,
        "respondent": 106,
        "token": "jAWfAWXleP",
        "finished": true
    }
},
{
    "model": "core.surveyresponse",
    "pk": 107,
    "fields": {
        "survey": 7,
        "esea_account": 6,
        "respondent": 107,
        "token": "IJmuPQzilJ",
        "finished": true
    }
},
{
    "model": "core.surveyresponse",
    "pk": 108,
    "fields": {
        "survey": 7,
        "esea_account": 6,
        "respondent": 108,
        "token": "FeDyUPeHFy",
        "finished": true
    }
},
{
    "model": "core.surveyresponse",
    "pk": 109,
    "fields": {
        "survey": 7,
        "esea_account": 6,
        "respondent": 109,
        "token": "YDerQeXBTU",
        "finished": true
    }
},
{
    "model": "core.surveyresponse",
    "pk": 110,
    "fields": {
        "survey": 7,
        "esea_account": 6,
        "respondent": 110,
        "token": "PYJUuTOuRD",
        "finished": true
    }
},
{
    "model": "core.surveyresponse",
    "pk": 111,
    "fields": {
        "survey": 7,
        "esea_account": 6,
        "respondent": 111,
        "token": "uaxJCPjfKD",
        "finished": true
    }
},
{
    "model": "core.surveyresponse",
    "pk": 112,
    "fields": {
        "survey": 7,
        "esea_account": 6,
        "respondent": 112,
        "token": "ZYjyRPFsvR",
        "finished": true
    }
},
{
    "model": "core.surveyresponse",
    "pk": 113,
    "fields": {
        "survey": 7,
        "esea_account": 6,
        "respondent": 113,
        "token": "lzDOvjLZfd",
        "finished": true
    }
},
{
    "model": "core.surveyresponse",
    "pk": 114,
    "fields": {
        "survey": 7,
        "esea_account": 6,
        "respondent": 114,
        "token": "jTYFNiteBo",
        "finished": true
    }
},
{
    "model": "core.surveyresponse",
    "pk": 115,
    "fields": {
        "survey": 7,
        "esea_account": 6,
        "respondent": 115,
        "token": "gtwZhRHHqi",
        "finished": true
    }
},
{
    "model": "core.surveyresponse",
    "pk": 116,
    "fields": {
        "survey": 7,
        "esea_account": 6,
        "respondent": 116,
        "token": "JVKaJTdfhH",
        "finished": true
    }
},
{
    "model": "core.surveyresponse",
    "pk": 117,
    "fields": {
        "survey": 7,
        "esea_account": 6,
        "respondent": 117,
        "token": "fTWnwlGcXJ",
        "finished": true
    }
},
{
    "model": "core.surveyresponse",
    "pk": 118,
    "fields": {
        "survey": 7,
        "esea_account": 6,
        "respondent": 118,
        "token": "YNDdVhYcJk",
        "finished": true
    }
},
{
    "model": "core.surveyresponse",
    "pk": 119,
    "fields": {
        "survey": 7,
        "esea_account": 6,
        "respondent": 119,
        "token": "viDdovoTXq",
        "finished": true
    }
},
{
    "model": "core.surveyresponse",
    "pk": 120,
    "fields": {
        "survey": 7,
        "esea_account": 5,
        "respondent": 122,
        "token": "olIUhdoSmN",
        "finished": false
    }
},
{
    "model": "core.surveyresponse",
    "pk": 121,
    "fields": {
        "survey": 7,
        "esea_account": 5,
        "respondent": 123,
        "token": "uniWsomrvR",
        "finished": false
    }
},
{
    "model": "core.surveyresponse",
    "pk": 122,
    "fields": {
        "survey": 7,
        "esea_account": 5,
        "respondent": 124,
        "token": "GhvJPpNBJQ",
        "finished": false
    }
},
{
    "model": "core.surveyresponse",
    "pk": 123,
    "fields": {
        "survey": 7,
        "esea_account": 5,
        "respondent": 125,
        "token": "ijBuGIoScd",
        "finished": false
    }
},
{
    "model": "core.surveyresponse",
    "pk": 124,
    "fields": {
        "survey": 7,
        "esea_account": 5,
        "respondent": 126,
        "token": "wCRkdDrZjy",
        "finished": false
    }
},
{
    "model": "core.surveyresponse",
    "pk": 125,
    "fields": {
        "survey": 7,
        "esea_account": 5,
        "respondent": 127,
        "token": "oFQqhtrTEd",
        "finished": false
    }
},
{
    "model": "core.surveyresponse",
    "pk": 126,
    "fields": {
        "survey": 7,
        "esea_account": 5,
        "respondent": 128,
        "token": "sciRtFbNse",
        "finished": false
    }
},
{
    "model": "core.surveyresponse",
    "pk": 127,
    "fields": {
        "survey": 7,
        "esea_account": 6,
        "respondent": 129,
        "token": "OJQcYyxgPC",
        "finished": true
    }
},
{
    "model": "core.surveyresponse",
    "pk": 128,
    "fields": {
        "survey": 7,
        "esea_account": 6,
        "respondent": 130,
        "token": "ToIZWTbkgv",
        "finished": false
    }
},
{
    "model": "core.surveyresponse",
    "pk": 129,
    "fields": {
        "survey": 7,
        "esea_account": 6,
        "respondent": 131,
        "token": "oObFBBQWzF",
        "finished": false
    }
},
{
    "model": "core.surveyresponse",
    "pk": 130,
    "fields": {
        "survey": 7,
        "esea_account": 6,
        "respondent": 132,
        "token": "serCfnUHng",
        "finished": false
    }
},
{
    "model": "core.surveyresponse",
    "pk": 131,
    "fields": {
        "survey": 7,
        "esea_account": 6,
        "respondent": 133,
        "token": "TfeXuQKZRv",
        "finished": false
    }
},
{
    "model": "core.surveyresponse",
    "pk": 132,
    "fields": {
        "survey": 7,
        "esea_account": 6,
        "respondent": 134,
        "token": "oVwoJPHcZC",
        "finished": false
    }
},
{
    "model": "core.surveyresponse",
    "pk": 133,
    "fields": {
        "survey": 7,
        "esea_account": 6,
        "respondent": 135,
        "token": "IPybPFqTzU",
        "finished": false
    }
},
{
    "model": "core.surveyresponse",
    "pk": 134,
    "fields": {
        "survey": 7,
        "esea_account": 6,
        "respondent": 136,
        "token": "EAeXWGfasp",
        "finished": false
    }
},
{
    "model": "core.surveyresponse",
    "pk": 135,
    "fields": {
        "survey": 7,
        "esea_account": 6,
        "respondent": 137,
        "token": "TiinXnKbdW",
        "finished": false
    }
},
{
    "model": "core.surveyresponse",
    "pk": 136,
    "fields": {
        "survey": 7,
        "esea_account": 6,
        "respondent": 138,
        "token": "tYHbjiPEza",
        "finished": false
    }
},
{
    "model": "core.surveyresponse",
    "pk": 137,
    "fields": {
        "survey": 7,
        "esea_account": 6,
        "respondent": 139,
        "token": "vyEmfzruhp",
        "finished": false
    }
},
{
    "model": "core.surveyresponse",
    "pk": 138,
    "fields": {
        "survey": 7,
        "esea_account": 6,
        "respondent": 140,
        "token": "ZhPObYDvzJ",
        "finished": false
    }
},
{
    "model": "core.surveyresponse",
    "pk": 139,
    "fields": {
        "survey": 7,
        "esea_account": 6,
        "respondent": 141,
        "token": "ZlRakwTYay",
        "finished": false
    }
},
{
    "model": "core.surveyresponse",
    "pk": 140,
    "fields": {
        "survey": 7,
        "esea_account": 6,
        "respondent": 142,
        "token": "BCSwolmNUc",
        "finished": false
    }
},
{
    "model": "core.surveyresponse",
    "pk": 141,
    "fields": {
        "survey": 7,
        "esea_account": 6,
        "respondent": 143,
        "token": "HdlmdlRrBX",
        "finished": false
    }
},
{
    "model": "core.surveyresponse",
    "pk": 142,
    "fields": {
        "survey": 7,
        "esea_account": 6,
        "respondent": 144,
        "token": "OBpMCKkBgC",
        "finished": false
    }
},
{
    "model": "core.surveyresponse",
    "pk": 143,
    "fields": {
        "survey": 7,
        "esea_account": 6,
        "respondent": 145,
        "token": "CtmYQHAiyG",
        "finished": false
    }
},
{
    "model": "core.surveyresponse",
    "pk": 144,
    "fields": {
        "survey": 7,
        "esea_account": 6,
        "respondent": 146,
        "token": "vlpRZulZAI",
        "finished": false
    }
},
{
    "model": "core.surveyresponse",
    "pk": 145,
    "fields": {
        "survey": 7,
        "esea_account": 6,
        "respondent": 147,
        "token": "LEcvTIPLpN",
        "finished": false
    }
},
{
    "model": "core.surveyresponse",
    "pk": 146,
    "fields": {
        "survey": 7,
        "esea_account": 6,
        "respondent": 148,
        "token": "lYNBaIHVzj",
        "finished": false
    }
},
{
    "model": "core.surveyresponse",
    "pk": 147,
    "fields": {
        "survey": 7,
        "esea_account": 6,
        "respondent": 149,
        "token": "ycoOApwsMw",
        "finished": false
    }
},
{
    "model": "core.surveyresponse",
    "pk": 148,
    "fields": {
        "survey": 7,
        "esea_account": 6,
        "respondent": 150,
        "token": "ArCNUbdYKs",
        "finished": false
    }
},
{
    "model": "core.surveyresponse",
    "pk": 149,
    "fields": {
        "survey": 7,
        "esea_account": 6,
        "respondent": 151,
        "token": "ThGFDXHtMu",
        "finished": false
    }
},
{
    "model": "core.surveyresponse",
    "pk": 150,
    "fields": {
        "survey": 7,
        "esea_account": 6,
        "respondent": 152,
        "token": "hUTxLmysEW",
        "finished": false
    }
},
{
    "model": "core.surveyresponse",
    "pk": 151,
    "fields": {
        "survey": 7,
        "esea_account": 6,
        "respondent": 153,
        "token": "NsADzxPxuf",
        "finished": false
    }
},
{
    "model": "core.surveyresponse",
    "pk": 152,
    "fields": {
        "survey": 7,
        "esea_account": 6,
        "respondent": 154,
        "token": "woKdVxwNnf",
        "finished": false
    }
},
{
    "model": "core.surveyresponse",
    "pk": 153,
    "fields": {
        "survey": 7,
        "esea_account": 6,
        "respondent": 155,
        "token": "SKsbxqPJaO",
        "finished": false
    }
},
{
    "model": "core.surveyresponse",
    "pk": 154,
    "fields": {
        "survey": 7,
        "esea_account": 6,
        "respondent": 156,
        "token": "gjKZWdzpHI",
        "finished": false
    }
},
{
    "model": "core.surveyresponse",
    "pk": 155,
    "fields": {
        "survey": 7,
        "esea_account": 6,
        "respondent": 157,
        "token": "NkIFbOAAyq",
        "finished": false
    }
},
{
    "model": "core.surveyresponse",
    "pk": 156,
    "fields": {
        "survey": 7,
        "esea_account": 6,
        "respondent": 158,
        "token": "aNnDZJFFEB",
        "finished": false
    }
},
{
    "model": "core.surveyresponse",
    "pk": 157,
    "fields": {
        "survey": 7,
        "esea_account": 6,
        "respondent": 159,
        "token": "DliCgiFOEQ",
        "finished": false
    }
},
{
    "model": "core.surveyresponse",
    "pk": 158,
    "fields": {
        "survey": 7,
        "esea_account": 6,
        "respondent": 160,
        "token": "EgZsrnvoob",
        "finished": false
    }
},
{
    "model": "core.surveyresponse",
    "pk": 159,
    "fields": {
        "survey": 7,
        "esea_account": 6,
        "respondent": 161,
        "token": "BcWSQUIMza",
        "finished": false
    }
},
{
    "model": "core.surveyresponse",
    "pk": 160,
    "fields": {
        "survey": 7,
        "esea_account": 6,
        "respondent": 162,
        "token": "sYPtGpfTDe",
        "finished": false
    }
},
{
    "model": "core.surveyresponse",
    "pk": 161,
    "fields": {
        "survey": 7,
        "esea_account": 6,
        "respondent": 163,
        "token": "rHvgKkRSfR",
        "finished": false
    }
},
{
    "model": "core.surveyresponse",
    "pk": 162,
    "fields": {
        "survey": 7,
        "esea_account": 6,
        "respondent": 164,
        "token": "BqQLAtkGsp",
        "finished": false
    }
},
{
    "model": "core.surveyresponse",
    "pk": 163,
    "fields": {
        "survey": 7,
        "esea_account": 6,
        "respondent": 165,
        "token": "NcmTGBiUvg",
        "finished": false
    }
},
{
    "model": "core.surveyresponse",
    "pk": 164,
    "fields": {
        "survey": 7,
        "esea_account": 6,
        "respondent": 166,
        "token": "lAWSQmDrge",
        "finished": false
    }
},
{
    "model": "core.surveyresponse",
    "pk": 165,
    "fields": {
        "survey": 7,
        "esea_account": 6,
        "respondent": 167,
        "token": "tgkrqwRHyy",
        "finished": false
    }
},
{
    "model": "core.surveyresponse",
    "pk": 166,
    "fields": {
        "survey": 7,
        "esea_account": 6,
        "respondent": 168,
        "token": "viFMwwYcFA",
        "finished": false
    }
},
{
    "model": "core.surveyresponse",
    "pk": 167,
    "fields": {
        "survey": 7,
        "esea_account": 6,
        "respondent": 169,
        "token": "XpIHXZVwfj",
        "finished": false
    }
},
{
    "model": "core.surveyresponse",
    "pk": 168,
    "fields": {
        "survey": 7,
        "esea_account": 6,
        "respondent": 170,
        "token": "orTsJtFqwT",
        "finished": false
    }
},
{
    "model": "core.surveyresponse",
    "pk": 169,
    "fields": {
        "survey": 7,
        "esea_account": 6,
        "respondent": 171,
        "token": "khfwBtDffm",
        "finished": false
    }
},
{
    "model": "core.surveyresponse",
    "pk": 170,
    "fields": {
        "survey": 7,
        "esea_account": 6,
        "respondent": 172,
        "token": "dPpZFIoBMR",
        "finished": false
    }
},
{
    "model": "core.surveyresponse",
    "pk": 171,
    "fields": {
        "survey": 7,
        "esea_account": 6,
        "respondent": 173,
        "token": "zZoevdlvZP",
        "finished": false
    }
},
{
    "model": "core.surveyresponse",
    "pk": 172,
    "fields": {
        "survey": 7,
        "esea_account": 6,
        "respondent": 174,
        "token": "WooylhtbGj",
        "finished": false
    }
},
{
    "model": "core.surveyresponse",
    "pk": 173,
    "fields": {
        "survey": 7,
        "esea_account": 6,
        "respondent": 175,
        "token": "SAbKwnArCf",
        "finished": false
    }
},
{
    "model": "core.surveyresponse",
    "pk": 174,
    "fields": {
        "survey": 7,
        "esea_account": 6,
        "respondent": 176,
        "token": "vKIGyHxxXH",
        "finished": false
    }
},
{
    "model": "core.surveyresponse",
    "pk": 175,
    "fields": {
        "survey": 7,
        "esea_account": 6,
        "respondent": 177,
        "token": "vKdFEhbQuN",
        "finished": false
    }
},
{
    "model": "core.surveyresponse",
    "pk": 176,
    "fields": {
        "survey": 7,
        "esea_account": 6,
        "respondent": 178,
        "token": "xzgGCTXBWZ",
        "finished": false
    }
},
{
    "model": "core.surveyresponse",
    "pk": 177,
    "fields": {
        "survey": 5,
        "esea_account": 1,
        "respondent": 179,
        "token": "accountant",
        "finished": false
    }
},
{
    "model": "core.surveyresponse",
    "pk": 178,
    "fields": {
        "survey": 5,
        "esea_account": 2,
        "respondent": 180,
        "token": "accountant",
        "finished": false
    }
},
{
    "model": "core.surveyresponse",
    "pk": 179,
    "fields": {
        "survey": 6,
        "esea_account": 4,
        "respondent": 181,
        "token": "accountant",
        "finished": false
    }
},
{
    "model": "core.surveyresponse",
    "pk": 180,
    "fields": {
        "survey": 8,
        "esea_account": 4,
        "respondent": 181,
        "token": "accountant",
        "finished": false
    }
},
{
    "model": "core.surveyresponse",
    "pk": 181,
    "fields": {
        "survey": 6,
        "esea_account": 5,
        "respondent": 182,
        "token": "accountant",
        "finished": false
    }
},
{
    "model": "core.surveyresponse",
    "pk": 182,
    "fields": {
        "survey": 8,
        "esea_account": 5,
        "respondent": 182,
        "token": "accountant",
        "finished": false
    }
},
{
    "model": "core.surveyresponse",
    "pk": 183,
    "fields": {
        "survey": 6,
        "esea_account": 6,
        "respondent": 183,
        "token": "accountant",
        "finished": false
    }
},
{
    "model": "core.surveyresponse",
    "pk": 184,
    "fields": {
        "survey": 8,
        "esea_account": 6,
        "respondent": 183,
        "token": "accountant",
        "finished": false
    }
},
{
    "model": "core.surveyresponse",
    "pk": 185,
    "fields": {
        "survey": 5,
        "esea_account": 17,
        "respondent": 184,
        "token": "accountant",
        "finished": false
    }
},
{
    "model": "core.eseaaccount",
    "pk": 1,
    "fields": {
        "method": 2,
        "organisation": 4,
        "campaign": 1,
        "year": 2021,
        "deployed_to_respondents": false,
        "sufficient_responses": false,
        "response_rate": "0.00"
    }
},
{
    "model": "core.eseaaccount",
    "pk": 2,
    "fields": {
        "method": 2,
        "organisation": 6,
        "campaign": 1,
        "year": 2021,
        "deployed_to_respondents": false,
        "sufficient_responses": false,
        "response_rate": "0.00"
    }
},
{
    "model": "core.eseaaccount",
    "pk": 4,
    "fields": {
        "method": 3,
        "organisation": 4,
        "campaign": 2,
        "year": 2021,
        "deployed_to_respondents": false,
        "sufficient_responses": false,
        "response_rate": "0.00"
    }
},
{
    "model": "core.eseaaccount",
    "pk": 5,
    "fields": {
        "method": 3,
        "organisation": 6,
        "campaign": 2,
        "year": 2021,
        "deployed_to_respondents": false,
        "sufficient_responses": false,
        "response_rate": "0.00"
    }
},
{
    "model": "core.eseaaccount",
    "pk": 6,
    "fields": {
        "method": 3,
        "organisation": 7,
        "campaign": 2,
        "year": 2021,
        "deployed_to_respondents": false,
        "sufficient_responses": false,
        "response_rate": "0.00"
    }
},
{
    "model": "core.eseaaccount",
    "pk": 17,
    "fields": {
        "method": 2,
        "organisation": 7,
        "campaign": 1,
        "year": 2021,
        "deployed_to_respondents": false,
        "sufficient_responses": false,
        "response_rate": "0.00"
    }
}
]
